Visium_Slide,VisiumSlide2,Donors,Genotype,Age,Sex,Ancestry,Diagnosis,Rin,APOE,sample_id,BB,BB1_1,BB1_2,BB1_3,BB1_4,BB2_1,BB2_2,BB2_3,BB2_4,NMscoreS1,NMscoreS2,NMscoreB1,NMscorebB1,NMscoreB2,NMscorebB2,tempsize1,tempsize2,LCtempsize1,LCtempsize2
V13M06-331,A1,Br5941,E4 AA,42.19,M,AA,Control,9,E4/ E4,V13M06-331_A1,0,10000,10500,4000,9000,14000,9000,4000,9000,0.421056763318296,0.385376162552161,0.426629820579935,0.396471778821375,0.424337426769304,0.394686301755109,0,116,0,0
V13M06-331,B1,Br5529,E2 AA,48.69,F,AA,Control,5.2,E2/ E2,V13M06-331_B1,0,5000,9500,5000,9000,16000,9000,4000,9000,0.358376347214919,0.395302374366764,0.369286136708661,0.350241350384179,0.358032439435835,0.34125980156741,34,0,0,0
V13M06-331,C1,Br6222,E3 E4 CAUC,60.56,M,CAUC,Control,7.8,E3/ E4,V13M06-331_C1,0,10000,5000,9000,5000,10000,13000,9000,5000,0.389595516527836,0.408518225154975,0.393780031702094,0.373485365679825,0.391632885054611,0.371304116589891,26,0,0,0
V13M06-331,D1,Br5426,E2 E3 AA,48.75,F,AA,Control,9.2,E2/ E3,V13M06-331_D1,0,5000,9000,9000,4000,7000,17000,9000,4000,0.381787977140957,0.337883340179342,0.360029503272574,0.342813220254868,0.383879435152079,0.36071774231892,1,0,0,0
V13M06-333,A1,Br1556,E2 AA,29.95,F,AA,Control,9.3,E2/ E2,V13M06-333_A1,0,7000,5000,13000,10000,4000,15000,13500,8000,0.345388673484854,0.369572760688262,0.343957006793958,0.386796031098749,0.369241698363095,0.393947731919609,2029,59,0,0
V13M06-333,B1,Br0946,E4 AA,53.92,M,AA,Control,9,E4/ E4,V13M06-333_B1,0,7000,5000,13000,5000,4000,17000,13500,5000,0.383081524710096,0.336617878480461,0.356841836343027,0.356924261833145,0.379003046308212,0.374630842411827,1,3,0,0
V13M06-333,C1,Br5415,E2 E3 AA,60.83,M,AA,Control,8.7,E2/ E3,V13M06-333_C1,0,7000,5000,13000,5000,5000,15000,10000,5000,0.363534292126192,0.343088560157529,0.351883773517251,0.357338452325949,0.398217478878835,0.387515615040102,321,0,0,0
V13M06-333,D1,Br6476,E3 E4 AA,42.39,F,AA,Control,7.1,E3/ E4,V13M06-333_D1,0,10000,10000,6000,4000,10000,17000,6000,5000,0.384531459320617,0.393961907468673,0.383371440567171,0.352667745108709,0.373946931080403,0.348554537380086,2,23,0,0
V13M06-332,A1,Br5854,E2 E3 AA,68.38,M,AA,Control,9,E2/ E3,V13M06-332_A1,0,4500,14000,10000,7000,11000,5500,11000,7000,0.432739261913741,0.389490748003087,0.466275671090958,0.439740439171738,0.55245592497874,0.429784055199998,88,0,0,0
V13M06-332,B1,Br3974,E3 E4 AA,62.7,M,AA,Control,7.2,E3/ E4,V13M06-332_B1,0,7000,7000,10500,4500,8000,14000,10500,6000,0.337372228340661,0.35040307649369,0.359664155988943,0.346313960705997,0.352824427165734,0.348640956759075,24,0,0,0
V13M06-332,C1,Br5712,E2 CAUC,67.75,M,CAUC,Control,6.8,E2/ E2,V13M06-332_C1,0,8000,4500,10500,6500,8000,14000,6500,6000,0.432614072315123,0.405901052330848,0.440078509561116,0.424450795037755,0.447451375818201,0.41963348912079,0,0,0,0
V13M06-332,D1,Br0942,E4 CAUC,61.92,M,CAUC,Control,8.4,E4/ E4,V13M06-332_D1,0,7000,8000,5000,3500,7000,19000,5000,3500,0.352206021468619,0.354104565677369,0.390763610335449,0.358568099493709,0.39289507432279,0.357144642437031,39,141,0,0
V13M06-404,A1,Br5460,E3 E4 AA,61.34,M,AA,Control,8.5,E3/ E4,V13M06-404_A1,0,5000,16000,18500,5500,6000,6000,17000,6000,0.30472853023508,0.305930913978617,0.323705458413508,0.340452070937187,0.319223777301586,0.347094264889419,69,69,0,0
V13M06-404,B1,Br6538,E2 E3 CAUC,60.84,M,CAUC,Control,7.4,E2/ E3,V13M06-404_B1,0,5000,14000,18500,5500,6000,5500,17000,6000,0.44301069558352,0.539987561414089,0.506988302701872,0.376159994941113,0.452657849103714,0.391303007786729,10,32,0,0
V13M06-404,C1,Br1691,E4 AA,46.53,F,AA,Control,8.5,E4/ E4,V13M06-404_C1,0,5000,15000,18000,5500,5000,5500,17000,6000,0.446740257983144,0.46505728200435,0.47549092256576,0.428082862876842,0.479831199909569,0.429348038018439,40,20,0,0
V13M06-404,D1,Br2582,E2 CAUC,41.44,M,CAUC,Control,7.3,E2/ E2,V13M06-404_D1,0,4500,15000,10000,6000,12000,5500,10000,6000,0.483804226668045,0.493040408732995,0.606478043679498,0.397172949002217,0.514136532446823,0.414380133313835,1,0,0,0
V13M06-403,A1,Br2305,E4 AA,54.88,F,AA,Control,8,E4/ E4,V13M06-403_A1,0,9000,16000,7000,5000,11000,7000,7000,5000,0.341295622700319,0.321659965331068,0.366004212066391,0.349870433659557,0.326874567041206,0.315953225825437,0,11,0,0
V13M06-403,B1,Br6297,E2 E3 CAUC,36.67,F,CAUC,Control,7.5,E2/ E3,V13M06-403_B1,0,7000,14000,7000,5000,11500,8000,7500,6000,0.371192264156078,0.322273123184681,0.309280288788993,0.295712368630413,0.309237412637968,0.301381521749027,21,6,0,0
V13M06-403,C1,Br5276,E3 E4 CAUC,59.86,M,CAUC,Control,7.4,E3/ E4,V13M06-403_C1,0,5000,16000,12000,6000,7000,5000,11000,6000,0.416962831642745,0.451495053349108,0.640460965013207,0.435126599533888,0.499441150787519,0.411819773095628,0,1,0,0
V13M06-403,D1,Br1105,E4 AA,44.14,F,AA,Control,5.3,E4/ E4,V13M06-403_D1,0,5000,15000,11000,6000,6000,5000,12000,6000,0.365886507356966,0.359847461749648,0.394468117210891,0.384696205969838,0.395731956764283,0.38631498747884,0,6,0,0
V13M06-402,A1,Br5367,E2 E3 CAUC,31.31,F,CAUC,Control,6.6,E2/ E3,V13M06-402_A1,0,5000,15500,7000,7000,17000,4500,5000,6000,0.360610265758306,0.378022697559268,0.405923505738426,0.368576899526323,0.413373120962793,0.365316018409379,222,86,0,0
V13M06-402,B1,Br1884,E4 AA,38.48,M,AA,Control,8.6,E4/ E4,V13M06-402_B1,0,6000,15500,5000,6000,15000,5500,5000,6000,0.414888349532713,0.477579869493937,0.456329141410205,0.361310814013615,0.459124424718431,0.351243422943,11,7,0,0
V13M06-402,C1,Br6085,E3 E4 AA,59.98,M,AA,Control,9.3,E3/ E4,V13M06-402_C1,0,9000,16000,5000,6000,9000,7000,5000,6000,0.421128894532367,0.333256833369489,0.404913691384599,0.314197430258349,0.45505255733921,0.3173322867416,0,0,0,0
V13M06-402,D1,Br5368,E3 E4 CAUC,52.92,M,CAUC,Control,8.7,E3/ E4,V13M06-402_D1,0,5000,11000,6000,10000,18000,9000,4000,10500,0.358348395896555,0.373785687856193,0.411463820730664,0.37642227479361,0.392103381592145,0.376753521021134,12,0,0,0
V13M06-401,A1,Br6098,E3 E4 AA,50.2,M,AA,Control,8.3,E3/ E4,V13M06-401_A1,0,5000,15000,10000,7000,9000,4000,10000,6000,0.329105985867574,0.355735401099124,0.350763273640724,0.350644566277301,0.385560049525931,0.373739712173527,0,4,0,0
V13M06-401,B1,Br6423,E2 E3 CAUC,51.73,M,CAUC,Control,7.1,E2/ E3,V13M06-401_B1,0,9000,15000,10000,6000,9000,6000,10000,6000,0.354287983787957,0.332811901289467,0.35979647588415,0.357896728936312,0.355662616723097,0.349145644228009,17,22,0,0
V13M06-401,C1,Br1039,E4 AA,51.45,F,AA,Control,8.6,E4/ E4,V13M06-401_C1,0,4000,15000,10000,7000,4000,6000,10000,6000,0.311274002140133,0.315016717470223,0.325839297934924,0.332849232749881,0.333193278321396,0.335926491005836,20,7,0,0
V13M06-401,D1,Br6119(re-dis),E3 E4 AA,48.59,M,AA,Control,7,E3/ E4,V13M06-401_D1,0,4500,12000,10000,7500,4500,5500,11000,6500,0.337716229988984,0.382194665048324,0.367471752516415,0.35755847500561,0.396944743143402,0.388075139595196,9,22,0,0
V13M06-386,A1,Br1706,E4 CAUC,50.08,M,CAUC,Control,8.2,E4/ E4,V13M06-386_A1,0,15000,10000,5000,10000,9000,10000,5000,10000,0.382464251542922,0.384381054264073,0.389121836548277,0.373257877231523,0.37613190858814,0.360479967276887,13,20,0,0
V13M06-386,B1,Br5517,E3 E4 CAUC,63.98,M,CAUC,Control,9.4,E3/ E4,V13M06-386_B1,0,9000,17000,10000,4000,9000,6000,10000,6000,0.437139232658395,0.472881273552582,0.467121779704835,0.407615411404876,0.415501520907217,0.359502523242245,11,44,0,0
V13M06-386,C1,Br1285,E4 AA,58.19,M,AA,Control,8.7,E4/ E4,V13M06-386_C1,0,4500,14000,5000,6000,14000,6000,5000,6000,0.388702762013619,0.41375535459728,0.432854514521776,0.370800414848583,0.405032501442087,0.37464302221662,125,2,0,0
V13M06-386,D1,Br5634,E2 E3 CAUC,51.11,M,CAUC,Control,8.6,E2/ E3,V13M06-386_D1,0,8000,17000,10000,5000,10000,7500,9000,6000,0.41657222559642,0.360259377377868,0.411188088121709,0.35063967768648,0.376382177426263,0.367003394238444,0,10,0,0
V13B23-366,A1,Br6263,E3 E4 AA,50.73,F,AA,Control,7,E3/ E4,V13B23-366_A1,0,9000,17000,10000,6500,0,0,0,0,0.190462124621562,0,0,0,0,0,0,0,0,0
V13B23-284,A1,Br1039,E4 AA,51.45,F,AA,Control,8.6,E4/ E4,V13B23-284_A1,0,8500,5000,3500,8000,15000,12500,3500,8000,0.275310376466982,0.265715127030906,0.344087241914322,0.326403049143385,0.348381395372172,0.327184002558044,284,753,0,0
V13B23-284,B1,Br5854,E2 E3 AA,68.38,M,AA,Control,9,E2/ E3,V13B23-284_B1,0,5000,15500,6000,7000,13000,5500,5000,6000,0.32048929943543,0.303112198012884,0.422677588565674,0.336819020301457,0.326077778259777,0.304824981308835,23,199,0,0
V13B23-284,C1,Br1691,E4 AA,46.53,F,AA,Control,8.5,E4/ E4,V13B23-284_C1,0,5500,12500,3500,5000,14000,14000,3500,5000,0.30149107397951,0.322024589019221,0.365230610792926,0.3347863645954,0.358705217816406,0.330726261269294,192,0,0,0
V13B23-284,D1,Br2305,E4 AA,54.88,F,AA,Control,8,E4/ E4,V13B23-284_D1,0,6500,18000,3500,5000,11000,5000,5500,5000,0.287023029803204,0.311568618988625,0.375025480764768,0.344116578545599,0.372138859285936,0.339867500387694,156,83,0,0
V13F27-339,A1,Br1105,E4 AA,44.14,F,AA,Control,5.3,E4/ E4,V13F27-339_A1,0,13000,5000,8000,8000,8000,14000,8000,7500,0.326021239106844,0.326199454460954,0.369373579122072,0.359451853989979,0.366209734230224,0.354374528862312,0,44,0,0
V13F27-339,B1,Br5529,E2 AA,48.69,F,AA,Control,5.2,E2/ E2,V13F27-339_B1,0,9000,6000,8000,7000,7500,15000,8000,7000,0.392435335289488,0.422083879556179,0.422645550344553,0.390532558008863,0.378718556656303,0.365158570260614,55,1,0,0
V13F27-339,C1,Br1706,E4 CAUC,50.08,M,CAUC,Control,8.2,E4/ E4,V13F27-339_C1,0,14000,12000,4000,8000,7500,9000,4000,9000,0.379154202597445,0.401596933942319,0.418779328018709,0.392696169807251,0.383465691660693,0.364094928562178,29,32,0,0
V13F27-339,D1,Br6297,E2 E3 CAUC,36.67,F,CAUC,Control,7.5,E2/ E3,V13F27-339_D1,0,7000,12500,9000,4000,9000,9000,9000,3500,0.379885276039108,0.385713263179291,0.383296365095047,0.362110238245025,0.402787374719451,0.37562206572684,7,0,0,0
V13B23-286,A1,Br6263,E3 E4 AA,50.73,F,AA,Control,7,E3/ E4,V13B23-286_A1,0,9500,17000,5500,5000,10000,5000,5500,5000,0.302743124193286,0.301127605274897,0.354522555756055,0.334036000562379,0.35857337806911,0.338743017921246,48,29,0,0
V13B23-286,B1,Br5517,E3 E4 CAUC,63.98,M,CAUC,Control,9.4,E3/ E4,V13B23-286_B1,0,8500,12000,7500,7500,7000,4500,8000,7300,0.309727772447818,0.288930158961107,0.358088307824188,0.35300959953124,0.357848537279189,0.353844811032556,516,3280,0,0
