Feature ID,Feature Name,Feature count topic 1,Feature log2 fold change topic 1,Feature count topic 2to5,Feature log2 fold change topic 2to5,Feature count topic 6,Feature log2 fold change topic 6,Feature count topic 7,Feature log2 fold change topic 7
ENSG00000078369,GNB1,3,-6.7368,149,-1.7381,969,2.36634,526,1.00538
ENSG00000116251,RPL22,351,-0.8122,493,-0.4913,969,0.91574,759,0.46788
ENSG00000097021,ACOT7,3,-6.7746,273,-0.3457,969,2.31378,71,-2.2731
ENSG00000171735,CAMTA1,3,-6.5924,176,-1.1761,969,2.64560,221,-0.3353
ENSG00000116288,PARK7,3,-6.8319,199,-1.2636,969,2.20781,460,0.64269
ENSG00000074800,ENO1,144,-2.3393,598,-0.2574,969,0.70533,1031,0.81845
ENSG00000171603,CLSTN1,3,-6.9617,146,-2.0785,969,1.98512,881,1.76241
ENSG00000054523,KIF1B,3,-7.1476,278,-0.9924,969,1.69058,687,0.98279
ENSG00000116661,FBXO2,67,-2.5129,144,-2.0597,969,2.04190,768,1.51290
ENSG00000162545,CAMK2N1,50,-2.8170,183,-1.3882,969,2.27642,418,0.51805
ENSG00000158828,PINK1,108,-1.9354,283,-0.7926,969,1.82965,394,0.09702
ENSG00000127483,HP1BP3,90,-1.6854,100,-2.2484,969,2.75268,371,0.60822
ENSG00000142676,RPL11,591,-0.4002,618,-0.5950,969,0.43517,1240,0.88316
ENSG00000133226,SRRM1,47,-2.4719,86,-2.2984,969,3.16317,257,0.17878
ENSG00000117632,STMN1,3,-6.9148,224,-1.1214,969,2.06611,489,0.65246
ENSG00000142669,SH3BGRL3,217,-0.6670,101,-2.6258,969,2.14276,694,1.38583
ENSG00000198830,HMGN2,74,-2.0652,137,-1.7667,969,2.56043,360,0.44022
ENSG00000090273,NUDC,32,-3.1210,93,-2.2454,969,2.98527,328,0.51912
ENSG00000158195,WASF2,131,-1.2046,123,-1.9690,969,2.58016,348,0.39096
ENSG00000126698,DNAJC8,9,-5.0034,105,-2.0842,969,2.88175,359,0.62400
ENSG00000134644,PUM1,3,-6.4232,146,-1.3204,969,3.03132,123,-1.0759
ENSG00000184007,PTP4A2,189,-1.1005,286,-0.7929,969,1.80671,328,-0.2266
ENSG00000175130,MARCKSL1,3,-6.6461,120,-2.0446,969,2.52891,521,1.10435
ENSG00000116560,SFPQ,143,-0.9578,79,-2.6581,969,2.78681,383,0.68790
ENSG00000116871,MAP7D1,15,-4.4623,178,-1.3399,969,2.40991,367,0.37574
ENSG00000197982,C1orf122,117,-1.5072,177,-1.4162,969,2.32969,331,0.14472
ENSG00000168653,NDUFS5,3,-6.6630,175,-1.2759,969,2.52289,305,0.12741
ENSG00000127603,MACF1,233,-0.7697,223,-1.3626,969,1.81537,524,0.58305
ENSG00000131236,CAP1,176,-0.7085,125,-1.8966,969,2.64164,254,-0.1075
ENSG00000065978,YBX1,540,0.88414,101,-2.6382,969,2.13317,381,0.25631
ENSG00000117394,SLC2A1,215,-0.8679,252,-1.0485,969,1.85273,383,0.06644
ENSG00000142949,PTPRF,56,-2.7184,119,-2.3221,969,2.16326,765,1.61104
ENSG00000117410,ATP6V0B,15,-4.6339,251,-0.8725,969,2.04242,392,0.24431
ENSG00000117419,ERI3,123,-1.3644,176,-1.3297,969,2.45352,234,-0.3538
ENSG00000142937,RPS8,586,-0.7956,822,-0.4664,969,0.02225,1852,1.19755
ENSG00000117450,PRDX1,141,-1.9691,369,-0.8327,969,1.22794,864,1.00215
ENSG00000173660,UQCRH,86,-1.7508,95,-2.3413,969,2.74020,400,0.73912
ENSG00000162374,ELAVL4,25,-3.9603,359,0.08624,969,1.97332,19,-4.3996
ENSG00000123091,RNF11,150,-0.9313,110,-2.1140,969,2.68337,313,0.26766
ENSG00000169213,RAB3B,3,-6.5634,193,-0.8928,969,2.72235,104,-1.4767
ENSG00000116133,DHCR24,3,-6.6741,148,-1.6575,969,2.49805,432,0.72809
ENSG00000162407,PLPP3,36,-3.3785,245,-0.8473,969,2.12149,318,-0.0553
ENSG00000162599,NFIA,235,-1.2181,295,-1.4012,969,1.18976,1134,1.51226
ENSG00000142864,SERBP1,3,-6.7495,150,-1.7445,969,2.33741,544,1.05035
ENSG00000116754,SRSF11,30,-3.4955,172,-1.4384,969,2.38142,398,0.50161
ENSG00000137941,TTLL7,3,-6.4386,102,-2.0632,969,2.99905,313,0.44509
ENSG00000142875,PRKACB,3,-6.5657,127,-1.8107,969,2.71903,370,0.58164
ENSG00000153904,DDAH1,60,-2.3225,117,-2.0052,969,2.66067,388,0.63246
ENSG00000122406,RPL5,363,-0.7637,409,-0.9850,969,0.91038,1096,1.14706
ENSG00000117519,CNN3,16,-4.2936,116,-2.0921,969,2.57298,497,1.04153
ENSG00000134243,SORT1,45,-2.7231,67,-2.9508,969,2.74161,554,1.37067
ENSG00000168710,AHCYL1,126,-2.8123,779,0.01185,969,0.38099,1223,0.80109
ENSG00000155366,RHOC,124,-1.5968,207,-1.3186,969,2.04743,455,0.50723
ENSG00000009307,CSDE1,97,-2.3045,294,-1.0429,969,1.52158,751,1.00653
ENSG00000163399,ATP1A1,3,-6.5024,170,-1.2650,969,2.62883,255,-0.1104
ENSG00000198162,MAN1A2,431,0.09734,257,-1.2396,969,1.63071,419,0.05263
ENSG00000092621,PHGDH,3,-6.7055,161,-1.5340,969,2.43737,426,0.66217
ENSG00000265972,TXNIP,257,-0.5366,140,-2.1981,969,1.92495,711,1.25242
ENSG00000178104,PDE4DIP,210,-0.7541,130,-2.2138,969,2.08785,636,1.16553
ENSG00000143401,ANP32E,205,-0.4873,85,-2.6417,969,2.59581,417,0.72361
ENSG00000143384,MCL1,118,-1.3284,124,-1.9131,969,2.63431,319,0.27432
ENSG00000197747,S100A10,30,-3.3018,59,-3.1825,969,2.71986,615,1.57609
ENSG00000197956,S100A6,363,-0.2073,209,-1.6965,969,1.60582,708,0.96779
ENSG00000189171,S100A13,223,-1.1180,397,-0.3715,969,1.42611,350,-0.4046
ENSG00000143545,RAB13,28,-3.3252,63,-2.9882,969,2.86309,516,1.30535
ENSG00000177954,RPS27,1061,-0.8830,1875,0.08558,969,-1.0243,3272,1.04200
ENSG00000143549,TPM3,105,-1.5934,138,-1.8220,969,2.47372,389,0.52187
ENSG00000160710,ADAR,3,-6.4802,93,-2.2907,969,2.90021,401,0.83832
ENSG00000143603,KCNN3,32,-3.2151,162,-1.2829,969,2.74733,184,-0.5803
ENSG00000163346,PBXIP1,22,-4.5294,285,-1.1794,969,1.46083,949,1.41567
ENSG00000116539,ASH1L,3,-6.4921,128,-1.6958,969,2.87634,275,0.15222
ENSG00000132718,SYT11,64,-3.0252,402,-0.4107,969,1.37154,572,0.37660
ENSG00000160781,PAQR6,65,-3.6275,759,0.27861,969,0.56140,841,0.31121
ENSG00000125462,C1orf61,143,-2.8221,1078,0.73843,969,0.13919,825,-0.1319
ENSG00000132702,HAPLN2,33,-3.0657,74,-2.6565,969,2.97179,409,0.91640
ENSG00000132692,BCAN,4,-6.1700,202,-1.1024,969,2.34468,330,0.15094
ENSG00000162706,CADM3,3,-6.5429,148,-1.4614,969,2.76821,255,-0.0305
ENSG00000158710,TAGLN2,328,-0.0013,136,-2.1047,969,2.12508,460,0.58184
ENSG00000018625,ATP1A2,389,-1.0980,805,0.15728,969,0.39753,807,0.08078
ENSG00000162734,PEA15,68,-3.9007,937,0.21032,969,0.15971,1392,0.80323
ENSG00000143248,RGS5,56,-2.3787,174,-1.0802,969,2.79789,82,-1.8095
ENSG00000143153,ATP1B1,3,-7.7704,612,-0.0540,969,0.78138,933,0.71092
ENSG00000117523,PRRC2C,204,-1.5025,413,-0.7120,969,1.09937,857,0.86274
ENSG00000117592,PRDX6,131,-1.5049,208,-1.2993,969,2.04725,440,0.44815
ENSG00000116147,TNR,3,-6.4117,95,-2.1690,969,3.05856,313,0.47446
ENSG00000135837,CEP350,68,-1.9867,105,-2.0102,969,2.99574,238,-0.0307
ENSG00000135821,GLUL,378,-1.9404,1603,0.85019,969,-0.4797,1321,0.03005
ENSG00000047410,TPR,8,-5.1145,92,-2.2524,969,3.01157,343,0.61341
ENSG00000118200,CAMSAP2,30,-3.2049,141,-1.4449,969,2.94282,158,-0.7213
ENSG00000159176,CSRP1,212,-1.5525,511,-0.3142,969,0.96192,726,0.43307
ENSG00000198892,SHISA4,72,-2.0435,135,-1.7059,969,2.68908,286,0.11603
ENSG00000170075,GPR37L1,35,-3.4827,148,-2.0573,969,1.97673,848,1.66995
ENSG00000184144,CNTN2,3,-6.7068,165,-1.4721,969,2.43997,406,0.57513
ENSG00000069275,NUCKS1,100,-2.8838,444,-1.0509,969,0.70269,1695,1.83557
ENSG00000117691,NENF,62,-2.4028,117,-2.1678,969,2.42264,552,1.14064
ENSG00000154380,ENAH,129,-1.5085,107,-2.5765,969,2.07784,819,1.68527
ENSG00000143742,SRP9,5,-5.8216,88,-2.5277,969,2.66316,558,1.33304
ENSG00000163041,H3F3A,397,0.07635,118,-2.6194,969,1.78221,819,1.41625
ENSG00000143799,PARP1,95,-1.6110,108,-2.1123,969,2.72642,347,0.47497
ENSG00000143772,ITPKB,24,-4.1762,251,-1.1842,969,1.73570,717,1.10693
ENSG00000143776,CDC42BPA,123,-1.1881,122,-1.8532,969,2.78816,230,-0.1944
ENSG00000143761,ARF1,56,-2.5771,170,-1.4395,969,2.39678,364,0.35616
ENSG00000143774,GUK1,832,0.84770,312,-1.3310,969,1.14117,555,0.12804
ENSG00000168159,RNF187,3,-6.6318,159,-1.4437,969,2.58087,330,0.29844
ENSG00000135744,AGT,40,-4.1290,163,-2.8931,969,0.80768,2630,3.24575
ENSG00000173726,TOMM20,45,-2.7770,150,-1.5169,969,2.64540,281,0.05932
ENSG00000054267,ARID4B,46,-2.7929,138,-1.7848,969,2.51991,414,0.66303
ENSG00000153187,HNRNPU,101,-1.8158,142,-1.9694,969,2.19231,602,1.13848
ENSG00000171863,RPS7,162,-1.5750,269,-1.2904,969,1.47786,847,1.20218
ENSG00000143797,MBOAT2,48,-2.4833,130,-1.5571,969,3.05612,130,-0.9719
ENSG00000134308,YWHAQ,67,-2.3793,138,-1.9683,969,2.26431,589,1.15121
ENSG00000169006,NTSR2,3,-6.6473,225,-0.6515,969,2.55173,88,-1.8227
ENSG00000143878,RHOB,37,-3.8075,294,-1.1816,969,1.39289,999,1.45487
ENSG00000084754,HADHA,4,-6.2172,144,-1.6245,969,2.62430,361,0.48426
ENSG00000138029,HADHB,100,-1.6716,176,-1.3128,969,2.47253,243,-0.2826
ENSG00000213639,PPP1CB,53,-2.5165,63,-3.1031,969,2.66259,611,1.52342
ENSG00000119820,YIPF4,51,-2.6354,154,-1.5675,969,2.51864,347,0.34894
ENSG00000138078,PREPL,57,-2.4683,146,-1.6615,969,2.53982,358,0.41758
ENSG00000116016,EPAS1,100,-1.5628,141,-1.6451,969,2.66245,253,-0.1035
ENSG00000143933,CALM2,197,-1.9596,430,-1.2546,969,0.60162,1915,1.99147
ENSG00000115306,SPTBN1,87,-3.1903,584,-0.5463,969,0.56681,1503,1.40913
ENSG00000115310,RTN4,140,-2.0980,495,-0.2483,969,1.06816,654,0.34500
ENSG00000143947,RPS27A,427,-1.5120,1079,-0.0778,969,-0.2170,2020,1.08509
ENSG00000115355,CCDC88A,73,-2.7699,391,-0.3461,969,1.47629,451,0.05285
ENSG00000124374,PAIP2B,3,-6.6577,224,-0.6997,969,2.51198,119,-1.3800
ENSG00000204843,DCTN1,3,-6.4716,129,-1.6594,969,2.92035,249,0.00707
ENSG00000034510,TMSB10,199,-2.3239,768,-0.4400,969,0.15353,1958,1.46908
ENSG00000152291,TGOLN2,127,-1.3511,185,-1.2564,969,2.39934,233,-0.3932
ENSG00000168906,MAT2A,53,-2.4879,90,-2.4570,969,2.72740,464,1.00847
ENSG00000115561,CHMP3,57,-2.2793,111,-1.9531,969,2.91878,266,0.11704
ENSG00000172005,MAL,23,-3.6128,110,-1.9985,969,2.86413,332,0.47555
ENSG00000174501,ANKRD36C,60,-2.1238,120,-1.6770,969,3.12784,124,-1.0203
ENSG00000084090,STARD7,151,-0.9623,105,-2.2515,969,2.60799,381,0.57101
ENSG00000135940,COX5B,3,-7.1439,281,-0.9623,969,1.69538,669,0.93765
ENSG00000158417,EIF5B,16,-5.4768,491,-0.6930,969,0.78365,1398,1.50645
ENSG00000071082,RPL31,521,-0.6075,593,-0.7091,969,0.43026,1421,1.14116
ENSG00000071054,MAP4K4,134,-1.8412,354,-0.5867,969,1.50673,494,0.23384
ENSG00000188177,ZC3H6,140,-1.0836,113,-2.1098,969,2.59669,365,0.48423
ENSG00000155368,DBI,3,-6.8451,266,-0.8775,969,1.89063,497,0.54929
ENSG00000152082,MZT2B,3,-6.7222,142,-1.8142,969,2.40651,526,1.03370
ENSG00000144224,UBXN4,123,-1.4995,155,-1.7766,969,2.21769,505,0.82130
ENSG00000115866,DARS,3,-6.4104,83,-2.4101,969,3.06290,358,0.72023
ENSG00000169554,ZEB2,72,-2.4903,278,-0.7668,969,1.89556,377,0.07227
ENSG00000168280,KIF5C,52,-2.8980,267,-0.7036,969,2.04732,285,-0.2883
ENSG00000157827,FMNL2,3,-6.3598,96,-2.0834,969,3.18405,251,0.15275
ENSG00000136541,ERMN,50,-2.7396,168,-1.4716,969,2.38869,384,0.44513
ENSG00000144283,PKP4,4,-6.5224,362,0.02551,969,1.90832,94,-2.0934
ENSG00000123636,BAZ2B,57,-2.6883,183,-1.4729,969,2.16609,504,0.77911
ENSG00000138398,PPIG,402,-0.0323,231,-1.4848,969,1.61276,573,0.58098
ENSG00000154479,CCDC173,3,-6.8103,10,-6.1267,969,2.24855,1180,2.80366
ENSG00000077380,DYNC1I2,133,-1.6891,268,-1.0325,969,1.73380,542,0.58156
ENSG00000170144,HNRNPA3,37,-3.0352,109,-2.1287,969,2.68432,429,0.83532
ENSG00000116044,NFE2L2,78,-1.8070,125,-1.6986,969,2.93622,177,-0.5407
ENSG00000144381,HSPD1,91,-1.7541,108,-2.2086,969,2.57592,448,0.84674
ENSG00000115993,TRAK2,38,-2.9324,133,-1.6597,969,2.81168,256,-0.0022
ENSG00000138443,ABI2,3,-6.5655,135,-1.6879,969,2.71808,338,0.42159
ENSG00000114942,EEF1B2,68,-2.8454,322,-0.8379,969,1.50760,689,0.83010
ENSG00000078018,MAP2,3,-7.3483,464,0.06936,969,1.39302,354,-0.4113
ENSG00000197756,RPL37A,681,-1.6987,2430,0.78744,969,-1.1569,2573,0.44114
ENSG00000115461,IGFBP5,173,-0.7951,41,-3.8511,969,2.52944,667,1.61135
ENSG00000135924,DNAJB2,109,-1.7735,191,-1.4776,969,2.06303,517,0.75247
ENSG00000054356,PTPRN,3,-6.7733,271,-0.3713,969,2.31054,82,-2.0643
ENSG00000171951,SCG2,3,-6.9621,328,-0.2239,969,1.95883,178,-1.0937
ENSG00000187957,DNER,33,-3.1537,35,-3.9377,969,2.81219,651,1.76913
ENSG00000135916,ITM2C,200,-1.9329,704,0.10308,969,0.60926,797,0.26271
ENSG00000173692,PSMD1,104,-1.6132,174,-1.3415,969,2.45661,255,-0.2117
ENSG00000115053,NCL,4,-6.4915,200,-1.6510,969,1.75944,912,1.62414
ENSG00000187514,PTMA,216,-2.3181,647,-1.0827,969,0.02110,2928,2.21767
ENSG00000115468,EFHD1,3,-6.4924,113,-1.9477,969,2.87545,336,0.50363
ENSG00000132321,IQCA1,3,-6.7062,116,-2.1780,969,2.43515,607,1.34022
ENSG00000172428,COPS9,3,-6.6402,112,-2.1579,969,2.56779,529,1.15928
ENSG00000130294,KIF1A,64,-3.2139,509,-0.0945,969,1.10688,598,0.22345
ENSG00000115677,HDLBP,74,-2.1516,146,-1.7542,969,2.41427,433,0.67452
ENSG00000168385,SEPTIN2,3,-6.8557,151,-1.8674,969,2.16684,686,1.38236
ENSG00000132164,SLC6A11,26,-3.7155,229,-0.7524,969,2.39176,164,-0.9563
ENSG00000144713,RPL32,514,-1.3466,1180,-0.0414,969,-0.3454,2159,1.06208
ENSG00000225733,FGD5-AS1,56,-2.4563,127,-1.8692,969,2.63952,368,0.52743
ENSG00000174748,RPL15,158,-2.1480,492,-0.6945,969,0.77778,1264,1.29185
ENSG00000144674,GOLGA4,11,-4.8979,141,-1.7438,969,2.51811,439,0.76973
ENSG00000168028,RPSA,96,-2.7237,466,-0.5441,969,0.98618,975,0.99645
ENSG00000168314,MOBP,363,-2.4358,2520,1.86043,969,-0.9437,748,-1.3450
ENSG00000188846,RPL14,147,-1.7895,261,-1.4591,969,1.38479,1036,1.52517
ENSG00000168036,CTNNB1,112,-1.9348,202,-1.6276,969,1.75830,796,1.33673
ENSG00000181061,HIGD1A,3,-6.5019,121,-1.8211,969,2.85293,315,0.37675
ENSG00000047849,MAP4,170,-2.1913,632,-0.2801,969,0.58942,1165,0.92938
ENSG00000164050,PLXNB1,41,-3.0132,138,-1.8351,969,2.44690,471,0.85514
ENSG00000232112,TMA7,41,-3.3640,189,-1.7124,969,1.81722,851,1.52957
ENSG00000010256,UQCRC1,25,-3.5906,131,-1.7381,969,2.74229,319,0.33358
ENSG00000067560,RHOA,159,-1.3896,201,-1.6203,969,1.78286,727,1.17351
ENSG00000114353,GNAI2,114,-1.8857,194,-1.6934,969,1.78188,800,1.36679
ENSG00000162244,RPL29,223,-1.7115,530,-0.6530,969,0.67243,1307,1.24268
ENSG00000168268,NT5DC2,101,-1.8158,128,-2.1528,969,2.20124,648,1.29486
ENSG00000168309,FAM107A,575,-1.1393,644,-1.5357,969,-0.3090,4057,2.56233
ENSG00000175161,CADM2,6,-5.4477,129,-1.6911,969,2.86549,274,0.14370
ENSG00000269028,MTRNR2L12,34929,-0.7092,79046,1.94967,969,-6.0159,25490,-1.2029
ENSG00000080822,CLDND1,3,-7.2151,232,-1.5043,969,1.58818,1003,1.66219
ENSG00000114391,RPL24,222,-1.6932,510,-0.7096,969,0.70222,1311,1.28300
ENSG00000114439,BBX,4,-5.8959,131,-1.6668,969,2.83571,282,0.17250
ENSG00000181722,ZBTB20,38,-3.1718,169,-1.5005,969,2.34533,429,0.61165
ENSG00000172020,GAP43,17,-4.1020,180,-1.0186,969,2.78433,107,-1.4105
ENSG00000185565,LSAMP,3,-6.6717,223,-0.7780,969,2.44326,174,-0.8345
ENSG00000173230,GOLGB1,28,-3.7188,180,-1.5234,969,2.15689,555,0.95576
ENSG00000065534,MYLK,41,-2.7607,91,-2.3163,969,2.94851,348,0.60438
ENSG00000114631,PODXL2,3,-6.5382,179,-1.0348,969,2.77114,130,-1.1080
ENSG00000058262,SEC61A1,3,-6.5227,98,-2.2558,969,2.79276,441,0.95346
ENSG00000075785,RAB7A,39,-2.9004,88,-2.4668,969,2.75736,464,1.03068
ENSG00000184897,H1FX,128,-1.2787,91,-2.5839,969,2.48949,542,1.15247
ENSG00000091513,TF,68,-3.2650,346,-1.3524,969,0.92096,1617,2.00032
ENSG00000154917,RAB6B,3,-6.8059,265,-0.5019,969,2.25214,155,-1.1251
ENSG00000070087,PFN2,3,-6.5032,116,-1.9089,969,2.85163,337,0.49370
ENSG00000173905,GOLIM4,31,-3.3329,77,-2.7913,969,2.59719,618,1.49824
ENSG00000008952,SEC62,225,-2.0900,723,-0.5122,969,0.21234,1901,1.47968
ENSG00000172667,ZMAT3,60,-2.2459,132,-1.6471,969,2.86244,211,-0.2959
ENSG00000242808,SOX2-OT,3,-6.8877,196,-1.4380,969,2.04118,624,1.09041
ENSG00000181449,SOX2,3,-6.7679,120,-2.1878,969,2.32156,677,1.48158
ENSG00000161203,AP2M1,196,-0.9988,241,-1.1387,969,1.87305,426,0.26423
ENSG00000175166,PSMD2,3,-6.5870,167,-1.2642,969,2.67282,237,-0.2078
ENSG00000114867,EIF4G1,96,-1.5380,113,-1.9631,969,2.84456,259,0.03718
ENSG00000156976,EIF4A2,79,-2.1578,101,-2.5757,969,2.22065,763,1.65383
ENSG00000189058,APOD,78,-2.7729,163,-2.4237,969,1.33152,1580,2.47910
ENSG00000182899,RPL35A,713,0.30167,332,-1.5171,969,0.85501,1173,1.22347
ENSG00000169020,ATP5ME,102,-2.3773,380,-0.6328,969,1.32285,699,0.69375
ENSG00000068078,FGFR3,40,-3.5441,309,-0.8383,969,1.59141,651,0.79594
ENSG00000243449,C4orf48,59,-2.8998,205,-1.6223,969,1.73103,870,1.49589
ENSG00000185818,NAT8L,27,-3.7944,197,-1.4000,969,2.07752,562,0.91815
ENSG00000087274,ADD1,3,-6.6753,140,-1.7900,969,2.47872,480,0.91017
ENSG00000109501,WFS1,35,-3.3091,126,-2.1328,969,2.27794,658,1.38537
ENSG00000179010,MRFAP1,80,-2.4812,217,-1.5558,969,1.67524,870,1.44160
ENSG00000038219,BOD1L1,3,-6.8376,216,-1.0881,969,2.18601,408,0.41495
ENSG00000151552,QDPR,16,-4.6958,289,-0.7066,969,1.85825,430,0.26962
ENSG00000163682,RPL9,153,-2.5005,714,-0.2334,969,0.39968,1397,1.07386
ENSG00000154277,UCHL1,18,-5.0944,516,-0.1630,969,1.03886,747,0.55331
ENSG00000064042,LIMCH1,67,-2.6759,256,-1.0796,969,1.79320,587,0.77249
ENSG00000163285,GABRG1,38,-3.0152,81,-2.6883,969,2.62683,575,1.37047
ENSG00000171476,HOPX,107,-1.5750,180,-1.2741,969,2.45162,233,-0.3627
ENSG00000163453,IGFBP7,111,-1.9463,159,-2.0919,969,1.76558,961,1.74604
ENSG00000083896,YTHDC1,57,-2.2602,77,-2.5925,969,2.95959,379,0.76558
ENSG00000018189,RUFY3,3,-6.4537,88,-2.3552,969,2.96393,387,0.80971
ENSG00000080493,SLC4A4,48,-2.5308,141,-1.4714,969,2.91405,157,-0.7443
ENSG00000132466,ANKRD17,84,-1.8594,143,-1.6559,969,2.60259,300,0.14612
ENSG00000138758,SEPTIN11,4,-6.0418,157,-1.4707,969,2.58918,333,0.31717
ENSG00000118816,CCNI,201,-1.1160,259,-1.1953,969,1.65647,608,0.72663
ENSG00000152795,HNRNPDL,16,-4.3288,111,-2.1786,969,2.56317,523,1.13565
ENSG00000145284,SCD5,128,-1.7597,172,-1.9850,969,1.72347,945,1.66738
ENSG00000152583,SPARCL1,802,-1.1319,1665,0.09168,969,-0.8352,2917,1.05313
ENSG00000118785,SPP1,3,-6.8960,120,-2.3609,969,2.09784,876,1.85512
ENSG00000163644,PPM1K,74,-2.1395,165,-1.4839,969,2.42490,345,0.28159
ENSG00000163110,PDLIM5,3,-6.5319,108,-2.0897,969,2.78990,406,0.79435
ENSG00000138814,PPP3CA,3,-6.5802,172,-1.1932,969,2.68873,209,-0.4026
ENSG00000109332,UBE2D3,86,-1.7179,94,-2.3106,969,2.82710,354,0.56763
ENSG00000109475,RPL34,718,-0.8885,1201,-0.1116,969,-0.4093,2205,1.02702
ENSG00000164089,ETNPPL,157,-0.8855,142,-1.6480,969,2.63986,208,-0.4418
ENSG00000174720,LARP7,33,-3.1416,110,-2.0640,969,2.76449,381,0.66151
ENSG00000145362,ANK2,8,-6.1138,463,-0.1719,969,1.24912,587,0.31587
ENSG00000164096,C4orf3,237,-0.8775,250,-1.3023,969,1.62405,647,0.81341
ENSG00000151012,SLC7A11,3,-6.4890,99,-2.1927,969,2.88318,388,0.76616
ENSG00000153130,SCOC,3,-6.5717,105,-2.1887,969,2.70507,467,1.00902
ENSG00000153147,SMARCA5,213,-0.4728,114,-2.1590,969,2.50592,352,0.36358
ENSG00000145425,RPS3A,530,-0.3824,472,-0.9772,969,0.64952,1289,1.19063
ENSG00000109654,TRIM2,3,-6.9606,234,-1.0909,969,1.98333,528,0.72912
ENSG00000164114,MAP9,75,-2.4842,199,-1.5894,969,1.83587,756,1.30029
ENSG00000109472,CPE,44,-4.4596,608,-0.9258,969,0.23866,2453,2.09409
ENSG00000150625,GPM6A,308,-0.8845,431,-0.6275,969,1.07772,722,0.52766
ENSG00000171368,TPPP,3,-6.5348,94,-2.3417,969,2.78588,462,1.03967
ENSG00000145494,NDUFS6,79,-1.9637,112,-2.1310,969,2.59718,431,0.78869
ENSG00000145495,MARCH6,22,-3.7449,135,-1.6637,969,2.76721,291,0.19257
ENSG00000169862,CTNND2,3,-7.1586,339,-0.4958,969,1.67277,463,0.25444
ENSG00000145555,MYO10,23,-3.9692,187,-1.3578,969,2.25820,445,0.61770
ENSG00000176788,BASP1,119,-2.2575,501,-0.0301,969,1.17910,446,-0.2090
ENSG00000079215,SLC1A3,4,-7.3915,282,-1.7989,969,0.90611,1972,2.49252
ENSG00000113594,LIFR,3,-6.5732,82,-2.6368,969,2.70397,560,1.37020
ENSG00000145592,RPL37,857,-0.9332,1638,0.25400,969,-0.7382,2295,0.71649
ENSG00000250722,SELENOP,3,-7.0240,119,-2.5328,969,1.88629,1094,2.17963
ENSG00000134352,IL6ST,3,-6.5130,94,-2.3234,969,2.82986,439,0.96512
ENSG00000112851,ERBIN,100,-1.9313,205,-1.3523,969,2.02656,505,0.67919
ENSG00000153914,SREK1,3,-6.4824,120,-1.8156,969,2.89544,297,0.29557
ENSG00000131711,MAP1B,346,-3.7774,5625,1.40535,969,-2.2615,5054,0.34856
ENSG00000145741,BTF3,225,-0.4294,110,-2.2764,969,2.43178,410,0.59020
ENSG00000171530,TBCA,6,-5.9838,164,-1.7271,969,2.14591,652,1.26337
ENSG00000186468,RPS23,288,-1.8367,817,-0.3873,969,0.07909,1949,1.36892
ENSG00000164176,EDIL3,3,-6.5581,98,-2.2913,969,2.73448,476,1.06295
ENSG00000127184,COX7C,115,-2.0949,328,-0.8344,969,1.46992,671,0.74866
ENSG00000164292,RHOBTB3,100,-1.7599,207,-1.0759,969,2.31259,241,-0.3917
ENSG00000198961,PJA2,45,-2.7382,117,-2.0065,969,2.67436,397,0.68215
ENSG00000134982,APC,53,-2.6948,163,-1.6072,969,2.31154,466,0.73991
ENSG00000164241,C5orf63,201,-2.3465,1209,1.26463,969,0.11427,338,-1.5648
ENSG00000169567,HINT1,39,-2.9348,122,-1.8903,969,2.71030,357,0.51589
ENSG00000131437,KIF3A,3,-6.9149,253,-0.8317,969,2.06087,378,0.19437
ENSG00000164402,SEPTIN8,83,-1.8223,125,-1.8392,969,2.72207,295,0.19025
ENSG00000164405,UQCRQ,3,-6.6923,114,-2.1932,969,2.46352,594,1.31895
ENSG00000113558,SKP1,167,-1.5253,247,-1.4699,969,1.48292,923,1.37990
ENSG00000132563,REEP2,3,-6.6516,186,-1.1298,969,2.54544,248,-0.2015
ENSG00000113013,HSPA9,4,-6.5048,188,-1.3446,969,2.24708,465,0.69242
ENSG00000171604,CXXC5,3,-6.6150,101,-2.3218,969,2.59659,552,1.26325
ENSG00000185129,PURA,50,-2.5750,125,-1.8477,969,2.71173,335,0.40253
ENSG00000131503,ANKHD1,53,-2.4103,123,-1.7581,969,2.90837,228,-0.1440
ENSG00000131507,NDFIP1,132,-1.3396,137,-1.9543,969,2.29911,498,0.85479
ENSG00000113578,FGF1,92,-2.2938,275,-1.0669,969,1.64621,665,0.88521
ENSG00000113657,DPYSL3,23,-3.7823,63,-3.1732,969,2.51610,737,1.82451
ENSG00000164587,RPS14,473,-1.0776,828,-0.3482,969,0.08021,1718,1.11642
ENSG00000211445,GPX3,143,-1.7235,401,-0.1901,969,1.53286,261,-0.7938
ENSG00000197043,ANXA6,125,-1.4024,190,-1.2511,969,2.34291,261,-0.2422
ENSG00000113140,SPARC,1199,-1.1799,2689,0.25614,969,-1.5072,4585,1.08973
ENSG00000155506,LARP1,3,-6.7866,174,-1.4902,969,2.28599,493,0.82756
ENSG00000145860,RNF145,256,-0.1980,131,-1.9288,969,2.46426,272,-0.0986
ENSG00000164609,SLU7,59,-2.2933,142,-1.5546,969,2.77064,223,-0.2515
ENSG00000113742,CPEB4,3,-6.5189,133,-1.6536,969,2.81906,287,0.19335
ENSG00000175416,CLTB,40,-2.8401,124,-1.7740,969,2.85054,268,0.09221
ENSG00000127022,CANX,46,-3.6102,252,-1.6774,969,1.24246,1404,2.05696
ENSG00000161011,SQSTM1,36,-2.9961,103,-2.1559,969,2.81453,376,0.66958
ENSG00000204628,RACK1,76,-2.5577,222,-1.5062,969,1.68167,848,1.39432
ENSG00000137267,TUBB2A,14,-4.3807,160,-1.2867,969,2.77507,192,-0.4944
ENSG00000137285,TUBB2B,66,-3.1291,420,-0.5716,969,1.17084,837,0.88675
ENSG00000124795,DEK,64,-2.1960,114,-1.9981,969,2.74696,342,0.46118
ENSG00000172201,ID4,3,-6.9736,192,-1.5432,969,1.96807,712,1.29382
ENSG00000112308,C6orf62,3,-6.9458,254,-0.8735,969,2.00929,424,0.35679
ENSG00000204681,GABBR1,3,-6.4856,165,-1.1425,969,2.89344,119,-1.1838
ENSG00000206503,HLA-A,375,0.13678,146,-2.0657,969,2.00102,493,0.61555
ENSG00000204592,HLA-E,570,0.24801,211,-2.0402,969,1.22970,1066,1.42352
ENSG00000196230,TUBB,53,-2.7428,200,-1.2101,969,2.24328,371,0.28758
ENSG00000204580,DDR1,3,-7.0954,170,-1.9559,969,1.77222,1016,1.88014
ENSG00000234745,HLA-B,958,0.88825,360,-1.2792,969,0.91148,694,0.30753
ENSG00000231500,RPS18,556,-0.9368,1000,0.02615,969,-0.0397,1421,0.62546
ENSG00000272325,NUDT3,69,-2.6850,262,-1.1054,969,1.71495,654,0.91013
ENSG00000124614,RPS10,53,-3.1675,325,-0.7527,969,1.55790,621,0.68100
ENSG00000198755,RPL10A,230,-1.1992,357,-0.8820,969,1.25808,774,0.82156
ENSG00000137409,MTCH1,38,-3.6783,392,-0.2911,969,1.50972,433,0.01167
ENSG00000146122,DAAM2,20,-4.1866,218,-1.0851,969,2.17040,399,0.36146
ENSG00000096384,HSP90AB1,240,-2.2811,999,-0.1132,969,-0.1080,2033,1.22825
ENSG00000170915,PAQR8,26,-3.9801,318,-0.4040,969,1.89001,268,-0.4944
ENSG00000151914,DST,311,-1.3819,666,-0.3349,969,0.46467,1239,0.91421
ENSG00000119900,OGFRL1,3,-6.7351,164,-1.5679,969,2.34460,486,0.83993
ENSG00000156508,EEF1A1,1432,-0.8519,1935,-0.6647,969,-1.4569,6802,2.00841
ENSG00000112695,COX7A2,3,-6.2987,118,-1.8640,969,2.85727,324,0.42416
ENSG00000196586,MYO6,3,-6.4504,125,-1.6882,969,2.97106,237,-0.0467
ENSG00000203875,SNHG5,76,-2.0848,177,-1.2933,969,2.46946,262,-0.1591
ENSG00000132424,PNISR,60,-2.6663,204,-1.3162,969,2.08099,497,0.69208
ENSG00000112335,SNX3,31,-3.2257,128,-1.7450,969,2.80567,287,0.18997
ENSG00000118689,FOXO3,149,-0.9186,92,-2.3981,969,2.74290,349,0.49074
ENSG00000277443,MARCKS,216,-1.2242,305,-1.1447,969,1.35466,838,1.06376
ENSG00000189241,TSPYL1,3,-6.5631,131,-1.7443,969,2.72664,349,0.48395
ENSG00000152661,GJA1,244,-1.3946,217,-2.3027,969,0.89560,2012,2.53285
ENSG00000111897,SERINC1,106,-2.0704,282,-0.9674,969,1.67657,582,0.66320
ENSG00000079819,EPB41L2,80,-1.7532,96,-2.1946,969,2.97229,274,0.19922
ENSG00000112306,RPS12,1015,-0.3264,1240,0.01229,969,-0.4008,1705,0.55850
ENSG00000029363,BCLAF1,31,-3.2170,111,-1.9800,969,2.86130,322,0.41724
ENSG00000111961,SASH1,68,-2.2295,126,-1.9563,969,2.52018,438,0.76898
ENSG00000131016,AKAP12,49,-2.8413,238,-0.7909,969,2.25340,217,-0.5971
ENSG00000131018,SYNE1,3,-6.6500,81,-2.7532,969,2.54822,667,1.62549
ENSG00000092820,EZR,3,-6.6565,101,-2.6328,969,2.14429,908,1.98307
ENSG00000112096,SOD2,166,-0.9585,160,-1.6059,969,2.35013,331,0.16030
ENSG00000112531,QKI,90,-3.1269,547,-0.6752,969,0.59910,1562,1.52836
ENSG00000146540,C7orf50,3,-6.4725,114,-1.8961,969,2.91668,308,0.36933
ENSG00000075624,ACTB,1010,-0.3785,719,-1.4789,969,-0.4452,4035,2.31724
ENSG00000136238,RAC1,46,-3.6423,422,-0.5154,969,1.19837,797,0.82182
ENSG00000189043,NDUFA4,178,-1.5443,387,-0.5972,969,1.31481,610,0.43970
ENSG00000105855,ITGB8,89,-1.7255,49,-3.4888,969,2.69847,608,1.53841
ENSG00000196683,TOMM7,4,-7.1149,378,-0.7038,969,1.27995,877,1.08024
ENSG00000122566,HNRNPA2B1,79,-2.3204,124,-2.3879,969,1.96795,909,1.81718
ENSG00000106052,TAX1BP1,17,-4.3658,119,-2.2751,969,2.22768,746,1.61267
ENSG00000255690,TRIL,25,-3.6053,96,-2.3426,969,2.71718,473,1.04163
ENSG00000136193,SCRN1,3,-6.4960,105,-2.0823,969,2.86714,371,0.67312
ENSG00000180354,MTURN,164,-2.9028,1372,1.00064,969,-0.1764,923,-0.2581
ENSG00000240583,AQP1,120,-2.0057,357,-0.5806,969,1.49438,513,0.29003
ENSG00000078549,ADCYAP1R1,4,-6.2947,172,-1.2636,969,2.60349,265,-0.0625
ENSG00000122545,SEPTIN7,131,-2.1285,430,-0.5336,969,1.14908,768,0.70770
ENSG00000058404,CAMK2B,76,-2.3794,238,-1.0770,969,1.95987,464,0.47771
ENSG00000196262,PPIA,139,-2.0009,339,-1.0583,969,1.21484,1010,1.29840
ENSG00000106153,CHCHD2,65,-2.6647,245,-1.1072,969,1.86788,548,0.70684
ENSG00000009954,BAZ1B,59,-2.2891,112,-1.9969,969,2.81383,318,0.36836
ENSG00000106665,CLIP2,78,-2.0432,107,-2.3095,969,2.46817,544,1.14569
ENSG00000263001,GTF2I,98,-2.4488,222,-1.8641,969,1.30393,1366,2.06453
ENSG00000005486,RHBDD2,3,-7.8371,645,0.02073,969,0.72621,934,0.65779
ENSG00000106211,HSPB1,142,-1.3382,110,-2.4874,969,2.13204,744,1.52338
ENSG00000170027,YWHAG,109,-1.7529,257,-0.7470,969,2.10522,214,-0.7087
ENSG00000075142,SRI,3,-6.9122,182,-1.5769,969,2.06532,658,1.21400
ENSG00000127914,AKAP9,44,-3.2392,237,-1.1590,969,1.88465,580,0.82394
ENSG00000105854,PON2,3,-6.4414,168,-1.3823,969,2.50519,346,0.33301
ENSG00000106261,ZKSCAN1,3,-6.5017,139,-1.5400,969,2.84979,245,-0.0575
ENSG00000166925,TSC22D4,188,-2.1558,697,-0.2208,969,0.44955,1281,0.96079
ENSG00000172354,GNB2,101,-1.5026,93,-2.3802,969,2.75087,388,0.68952
ENSG00000106400,ZNHIT1,13,-4.4545,147,-1.4931,969,2.74844,262,-0.0013
ENSG00000214253,FIS1,3,-6.6621,148,-1.6423,969,2.52424,415,0.67000
ENSG00000160991,ORAI2,3,-6.5070,150,-1.3859,969,2.84154,206,-0.3448
ENSG00000005483,KMT2E,80,-1.7895,101,-2.1380,969,2.91722,285,0.23714
ENSG00000135250,SRPK2,82,-1.8464,167,-1.2488,969,2.69525,144,-0.9942
ENSG00000085662,AKR1B1,3,-6.4783,162,-1.3173,969,2.69976,241,-0.1613
ENSG00000122786,CALD1,124,-1.2331,120,-1.9517,969,2.68301,301,0.19795
ENSG00000105894,PTN,32,-3.3741,189,-1.1969,969,2.41706,299,0.03101
ENSG00000064393,HIPK2,174,-2.2045,725,0.05556,969,0.53189,949,0.49388
ENSG00000090266,NDUFB2,3,-6.4557,121,-1.7591,969,2.95810,259,0.09624
ENSG00000270672,MTRNR2L6,58,-3.0059,444,0.25657,969,1.59582,87,-2.4130
ENSG00000171130,ATP6V0E2,9,-5.2974,221,-0.9424,969,2.28974,296,-0.0684
ENSG00000130226,DPP6,39,-3.2150,114,-2.3884,969,2.18310,784,1.68298
ENSG00000105993,DNAJB6,180,-0.6645,117,-2.0292,969,2.64297,282,0.06637
ENSG00000164733,CTSB,258,-0.6721,237,-1.3230,969,1.72212,554,0.61079
ENSG00000129422,MTUS1,131,-1.1423,96,-2.3599,969,2.68463,386,0.64157
ENSG00000078674,PCM1,69,-2.2935,131,-2.0117,969,2.34952,547,1.07106
ENSG00000158856,DMTN,285,-0.0152,133,-1.8843,969,2.47768,225,-0.4066
ENSG00000168490,PHYHIP,3,-6.6078,194,-0.9605,969,2.63184,159,-0.8697
ENSG00000104722,NEFM,42,-4.9205,1625,2.02199,969,-0.2101,188,-2.7319
ENSG00000277586,NEFL,299,-2.0372,1528,1.54494,969,-0.2065,301,-2.0285
ENSG00000104765,BNIP3L,420,0.65995,101,-2.4043,969,2.47697,219,-0.4451
ENSG00000092964,DPYSL2,169,-2.2234,552,-0.7119,969,0.55856,1573,1.49570
ENSG00000015592,STMN4,3,-6.5923,150,-1.5137,969,2.66067,315,0.26495
ENSG00000120885,CLU,955,-2.4164,3793,-0.5265,969,-2.3942,14466,2.34385
ENSG00000168077,SCARA3,10,-5.0202,191,-1.1880,969,2.39405,329,0.17936
ENSG00000133872,SARAF,142,-1.9775,325,-1.1737,969,1.19618,1093,1.44122
ENSG00000104695,PPP2CB,66,-2.5334,154,-1.9355,969,2.04049,731,1.40897
ENSG00000147526,TACC1,3,-6.7607,178,-1.3977,969,2.33092,438,0.64169
ENSG00000023287,RB1CC1,92,-1.6853,136,-1.6987,969,2.68826,265,-0.0137
ENSG00000008988,RPS20,275,-1.2743,481,-0.6967,969,0.81846,1097,1.05371
ENSG00000104388,RAB2A,3,-6.4980,110,-1.9983,969,2.86363,353,0.58317
ENSG00000171316,CHD7,3,-6.3040,98,-1.9695,969,3.32613,183,-0.3138
ENSG00000245910,SNHG6,114,-2.1292,427,-0.1237,969,1.44489,313,-0.5710
ENSG00000147604,RPL7,274,-1.1390,421,-0.8053,969,0.99170,966,0.98413
ENSG00000104435,STMN2,86,-2.3797,383,-0.1267,969,1.67728,199,-1.1142
ENSG00000147588,PMP2,204,-2.7777,1183,-0.1260,969,-0.3918,2699,1.45521
ENSG00000156467,UQCRB,259,-1.7860,587,-0.8927,969,0.32262,2043,1.77644
ENSG00000147649,MTDH,7,-5.3529,129,-1.8629,969,2.60105,433,0.79996
ENSG00000156482,RPL30,687,-0.6436,976,-0.1386,969,-0.0824,1568,0.75781
ENSG00000164919,COX6C,3,-6.9067,179,-1.6201,969,2.05462,680,1.27188
ENSG00000070756,PABPC1,509,0.00391,255,-1.7227,969,1.16961,1054,1.33772
ENSG00000164924,YWHAZ,69,-2.4524,239,-0.9649,969,2.06480,363,0.12484
ENSG00000164929,BAALC,41,-3.5525,345,-0.6375,969,1.52532,599,0.58730
ENSG00000164754,RAD21,3,-6.5908,127,-1.8469,969,2.66066,405,0.71446
ENSG00000147684,NDUFB9,3,-6.4764,84,-2.4722,969,2.91515,430,0.98017
ENSG00000104419,NDRG1,153,-1.3360,180,-1.6939,969,1.94848,631,1.03648
ENSG00000176956,LY6H,3,-6.6328,185,-1.1133,969,2.57555,230,-0.3079
ENSG00000104529,EEF1D,154,-1.1968,150,-1.8894,969,2.15903,547,0.92875
ENSG00000178209,PLEC,100,-1.7431,52,-3.5880,969,2.34412,834,1.96628
ENSG00000178719,GRINA,160,-1.3878,270,-0.9819,969,1.76121,473,0.35900
ENSG00000161016,RPL8,367,-0.8826,440,-1.0147,969,0.75011,1331,1.36673
ENSG00000147862,NFIB,3,-6.5839,137,-1.8863,969,2.39113,554,1.12604
ENSG00000164985,PSIP1,49,-3.0173,176,-1.7060,969,1.98520,712,1.30848
ENSG00000137154,RPS6,742,-0.6155,927,-0.4719,969,-0.1805,2145,1.24769
ENSG00000168913,ENHO,158,-2.9525,1255,0.59348,969,-0.1708,1368,0.41665
ENSG00000107372,ZFAND5,35,-3.2568,169,-1.4249,969,2.43276,363,0.37187
ENSG00000156052,GNAQ,57,-2.5629,201,-1.0892,969,2.38085,255,-0.2538
ENSG00000165119,HNRNPK,159,-1.3986,172,-1.9439,969,1.76974,858,1.50292
ENSG00000148053,NTRK2,182,-2.5877,864,-0.3578,969,0.00267,2169,1.49775
ENSG00000136938,ANP32B,235,-0.9746,332,-0.7549,969,1.50807,479,0.18031
ENSG00000070214,SLC44A1,3,-6.6942,65,-3.1969,969,2.42809,817,1.99162
ENSG00000106771,TMEM245,76,-2.0676,136,-1.8288,969,2.49980,406,0.61736
ENSG00000198121,LPAR1,3,-6.3414,140,-1.2880,969,3.23580,53,-2.2494
ENSG00000148180,GSN,3,-6.9217,142,-2.0821,969,2.05344,830,1.69335
ENSG00000148175,STOM,311,0.09213,139,-1.8433,969,2.40761,225,-0.4471
ENSG00000136942,RPL35,582,-0.7821,827,-0.4014,969,0.05030,1727,1.09172
ENSG00000197958,RPL12,492,-0.0659,320,-1.2625,969,1.15207,843,0.88335
ENSG00000106992,AK1,34,-3.8080,44,-4.3767,969,1.55414,1769,3.16586
ENSG00000106976,DNM1,3,-6.7023,253,-0.4235,969,2.44799,48,-2.7859
ENSG00000197694,SPTAN1,50,-3.0425,196,-1.5637,969,1.89963,723,1.26442
ENSG00000119335,SET,42,-3.1390,194,-1.3700,969,2.13988,498,0.73915
ENSG00000119383,PTPA,99,-1.5927,127,-1.8566,969,2.64937,317,0.27048
ENSG00000136819,C9orf78,539,0.75758,149,-2.0485,969,1.97202,346,-0.0211
ENSG00000148303,RPL7A,129,-2.1888,409,-0.7313,969,1.10321,940,1.04336
ENSG00000123454,DBH,3,-7.5158,631,0.84728,969,1.15721,79,-2.8675
ENSG00000130558,OLFM1,3,-6.4461,88,-2.3564,969,2.97807,382,0.79083
ENSG00000148411,NACC2,3,-6.4186,119,-1.8231,969,2.91363,292,0.27332
ENSG00000172889,EGFL7,19,-4.0081,206,-0.7894,969,2.64543,83,-1.8634
ENSG00000196642,RABL6,21,-3.8963,175,-1.1936,969,2.63714,212,-0.4074
ENSG00000054148,PHPT1,180,-0.7568,86,-2.6932,969,2.47580,520,1.06251
ENSG00000107223,EDF1,140,-1.4251,187,-1.5522,969,2.02026,542,0.80598
ENSG00000107317,PTGDS,200,-3.0004,1086,-0.7496,969,-0.6056,4309,2.22882
ENSG00000107331,ABCA2,3,-6.7739,131,-2.0330,969,2.31135,642,1.36267
ENSG00000107281,NPDC1,3,-6.7984,151,-1.7938,969,2.26636,601,1.19184
ENSG00000176884,GRIN1,72,-2.2459,259,-0.5009,969,2.31552,58,-2.5592
ENSG00000188229,TUBB4B,3,-7.0785,66,-3.5737,969,1.79548,1406,2.76733
ENSG00000165802,NSMF,6,-6.0422,100,-2.7287,969,2.02443,1022,2.15447
ENSG00000067057,PFKP,21,-3.7944,159,-1.3358,969,2.73907,213,-0.3476
ENSG00000123240,OPTN,290,-0.4320,263,-1.0111,969,1.79577,331,-0.2178
ENSG00000065809,FAM107B,32,-3.0059,67,-2.7140,969,3.23647,317,0.58287
ENSG00000176244,ACBD7,31,-3.3185,145,-1.6009,969,2.63359,323,0.29541
ENSG00000148468,FAM171A1,3,-6.4598,140,-1.4631,969,2.94995,188,-0.4427
ENSG00000026025,VIM,137,-1.9120,47,-4.4206,969,1.35196,1951,3.17307
ENSG00000078114,NEBL,79,-2.0823,139,-1.8713,969,2.37097,486,0.85844
ENSG00000150867,PIP4K2A,81,-1.9204,158,-1.4429,969,2.60976,239,-0.2293
ENSG00000107863,ARHGAP21,52,-2.8249,190,-1.4126,969,2.15310,495,0.73879
ENSG00000170759,KIF5B,76,-2.9325,450,-0.4099,969,1.14916,747,0.65486
ENSG00000237949,LINC00844,3,-6.9594,194,-1.5036,969,1.99237,681,1.22316
ENSG00000060339,CCAR1,3,-6.4917,142,-1.4787,969,2.87923,217,-0.2391
ENSG00000180817,PPA1,4,-6.0684,142,-1.5888,969,2.70962,313,0.28527
ENSG00000107738,VSIR,89,-1.8947,203,-1.0593,969,2.37681,215,-0.5385
ENSG00000197746,PSAP,216,-2.1848,449,-1.6806,969,0.17669,3135,2.65639
ENSG00000107742,SPOCK2,15,-4.6177,183,-1.4529,969,2.19229,523,0.86896
ENSG00000148660,CAMK2G,42,-2.7738,114,-1.9629,969,2.80531,330,0.42889
ENSG00000138326,RPS24,686,-0.5162,797,-0.5029,969,0.05367,1732,1.10117
ENSG00000165424,ZCCHC24,96,-2.0095,260,-0.8406,969,1.98592,331,-0.0848
ENSG00000122378,PRXL2A,4,-6.9193,345,-0.6107,969,1.54701,607,0.62937
ENSG00000165678,GHITM,170,-0.8091,154,-1.5357,969,2.55235,203,-0.5253
ENSG00000148671,ADIRF,3,-6.7502,114,-2.2657,969,2.35413,677,1.50612
ENSG00000148672,GLUD1,3,-7.2985,372,-0.5260,969,1.45279,634,0.62852
ENSG00000148690,FRA10AC1,12,-4.7871,190,-1.2747,969,2.30276,402,0.46910
ENSG00000095637,SORBS1,12,-4.7774,75,-2.9583,969,2.39958,786,1.87629
ENSG00000171314,PGAM1,100,-1.7796,172,-1.5245,969,2.26994,416,0.50603
ENSG00000099194,SCD,19,-6.0154,1046,-0.1793,969,-0.2177,2563,1.57198
ENSG00000198408,OGA,3,-6.7141,168,-1.4749,969,2.39168,431,0.65336
ENSG00000173915,ATP5MD,70,-2.1783,112,-2.1772,969,2.53889,482,0.95966
ENSG00000148700,ADD3,178,-1.3517,246,-1.3839,969,1.58026,781,1.13496
ENSG00000119950,MXI1,351,0.33999,71,-3.0063,969,2.47743,407,0.60378
ENSG00000187164,SHTN1,3,-6.9141,281,-0.5466,969,2.06685,260,-0.4278
ENSG00000107581,EIF3A,3,-6.8226,139,-2.0006,969,2.20682,699,1.45598
ENSG00000166033,HTRA1,117,-1.7938,288,-0.7043,969,1.87143,320,-0.2185
ENSG00000107902,LHPP,7,-5.6782,262,-0.8003,969,2.00150,394,0.22343
ENSG00000176171,BNIP3,34,-3.3417,209,-1.0367,969,2.32602,286,-0.0988
ENSG00000130643,CALY,3,-7.1154,253,-1.1557,969,1.74006,723,1.12631
ENSG00000185201,IFITM2,1009,1.90923,87,-3.1138,969,1.81751,292,-0.4096
ENSG00000142089,IFITM3,213,-1.4651,308,-1.4463,969,1.06357,1337,1.73098
ENSG00000177600,RPLP2,540,-0.8585,842,-0.2711,969,0.09482,1539,0.92050
ENSG00000177700,POLR2L,3,-6.5833,112,-2.0877,969,2.68029,456,0.94546
ENSG00000117984,CTSD,92,-3.0069,680,0.14223,969,0.69119,787,0.32038
ENSG00000180176,TH,78,-2.1943,293,-0.2838,969,2.19296,21,-4.0951
ENSG00000110651,CD81,214,-2.4762,901,-0.4784,969,-0.1381,2583,1.69430
ENSG00000205531,NAP1L4,6,-5.7053,182,-1.2734,969,2.41771,350,0.30023
ENSG00000244734,HBB,268102,8.10200,783,-6.8481,969,-5.5517,1750,-4.6957
ENSG00000166313,APBB1,42,-3.2765,256,-0.9526,969,1.91198,477,0.49052
ENSG00000166441,RPL27A,454,-0.7414,530,-0.8622,969,0.52567,1467,1.31227
ENSG00000255823,MTRNR2L8,3062,-1.3316,10496,2.10331,969,-3.0544,3295,-1.2185
ENSG00000110315,RNF141,76,-1.8505,115,-1.8882,969,2.91900,232,-0.1147
ENSG00000072952,MRVI1,35,-3.3783,223,-1.0000,969,2.20601,333,0.07707
ENSG00000110321,EIF4G2,164,-1.0354,174,-1.5142,969,2.24963,360,0.23953
ENSG00000050165,DKK3,3,-6.8966,161,-1.8044,969,2.09296,716,1.40888
ENSG00000110700,RPS13,308,-1.2301,596,-0.3388,969,0.66061,985,0.69044
ENSG00000134333,LDHA,49,-2.6643,163,-1.3691,969,2.60877,249,-0.1598
ENSG00000085063,CD59,184,-1.3462,327,-0.7771,969,1.52430,529,0.36625
ENSG00000110436,SLC1A2,157,-1.6432,452,0.06107,969,1.44156,174,-1.4914
ENSG00000166326,TRIM44,6,-5.5895,164,-1.3636,969,2.59470,296,0.12244
ENSG00000149084,HSD17B12,4,-6.2233,138,-1.7136,969,2.62013,388,0.60873
ENSG00000121653,MAPK8IP1,60,-3.1793,439,-0.2820,969,1.28468,571,0.29852
ENSG00000172247,C1QTNF4,43,-3.1581,301,-0.3481,969,2.06854,138,-1.4199
ENSG00000134817,APLNR,114,-1.6679,93,-2.7654,969,2.13890,831,1.77308
ENSG00000167986,DDB1,82,-1.9449,78,-2.8132,969,2.53142,609,1.41934
ENSG00000134824,FADS2,3,-7.1174,265,-1.0903,969,1.70318,722,1.09050
ENSG00000149485,FADS1,63,-2.5648,220,-1.1059,969,2.11851,393,0.29968
ENSG00000167996,FTH1,1714,-0.7936,2895,0.12557,969,-1.6744,5278,1.15049
ENSG00000124942,AHNAK,158,-1.2753,155,-1.9778,969,1.96148,712,1.28675
ENSG00000254772,EEF1G,266,-0.7970,254,-1.4134,969,1.48638,793,1.08020
ENSG00000168000,BSCL2,25,-3.8291,193,-1.2572,969,2.28220,395,0.42280
ENSG00000162188,GNG3,3,-6.6206,226,-0.5814,969,2.60896,44,-2.8270
ENSG00000168003,SLC3A2,115,-1.5628,165,-1.5945,969,2.29291,411,0.50012
ENSG00000176485,PLAAT3,37,-3.0472,116,-2.0358,969,2.63640,430,0.80857
ENSG00000133318,RTN3,5,-6.5814,350,-0.8511,969,1.32389,918,1.21428
ENSG00000176340,COX8A,48,-2.8507,165,-1.5737,969,2.30835,462,0.72387
ENSG00000173511,VEGFB,178,-1.0518,271,-0.6871,969,2.02532,164,-1.1832
ENSG00000126432,PRDX5,45,-3.1253,95,-2.8455,969,1.99259,1036,2.15486
ENSG00000110076,NRXN2,46,-2.8114,199,-1.0067,969,2.50103,184,-0.7100
ENSG00000213465,ARL2,16,-4.3274,165,-1.4129,969,2.51617,337,0.29772
ENSG00000149806,FAU,401,-0.9031,551,-0.7049,969,0.56540,1325,1.15296
ENSG00000245532,NEAT1,1031,0.49355,236,-2.6562,969,0.38456,2478,2.33425
ENSG00000251562,MALAT1,6472,-0.7979,12118,0.51103,969,-3.6492,18069,0.95526
ENSG00000172757,CFL1,406,-0.5357,378,-1.1020,969,0.96707,1057,1.13524
ENSG00000175602,CCDC85B,11,-4.7952,179,-1.1239,969,2.65703,193,-0.5533
ENSG00000174903,RAB1B,3,-6.4320,104,-2.0323,969,2.99522,308,0.41329
ENSG00000174684,B4GAT1,3,-6.6979,155,-1.5986,969,2.44456,442,0.73395
ENSG00000174080,CTSF,3,-6.5766,139,-1.6480,969,2.68321,342,0.42440
ENSG00000084207,GSTP1,166,-1.3424,228,-1.3786,969,1.75598,644,0.91563
ENSG00000167792,NDUFV1,71,-1.9928,127,-1.7427,969,2.83062,236,-0.1266
ENSG00000149357,LAMTOR1,140,-1.0609,127,-1.8652,969,2.65044,278,0.04542
ENSG00000021300,PLEKHB1,68,-3.5366,721,0.17376,969,0.60079,881,0.43072
ENSG00000149273,RPS3,379,-0.5625,389,-0.9034,969,1.06855,836,0.78752
ENSG00000048649,RSF1,43,-2.9337,131,-1.9270,969,2.45858,488,0.92944
ENSG00000137710,RDX,3,-6.9065,183,-1.5540,969,2.07505,643,1.17762
ENSG00000109846,CRYAB,4,-6.9553,443,-0.4958,969,1.11681,903,0.97814
ENSG00000149294,NCAM1,8,-5.7739,300,-0.7230,969,1.75707,510,0.49112
ENSG00000109906,ZBTB16,17,-3.9935,90,-2.3115,969,2.96229,365,0.69861
ENSG00000168092,PAFAH1B2,15,-4.2378,122,-1.7998,969,2.87558,289,0.23679
ENSG00000149591,TAGLN,869,1.15249,88,-3.4392,969,1.37369,1024,1.48803
ENSG00000137726,FXYD6,30,-3.6264,151,-1.8822,969,2.15017,674,1.33391
ENSG00000167283,ATP5MG,3,-6.5350,78,-2.6774,969,2.78604,527,1.29977
ENSG00000118058,KMT2A,86,-1.8974,144,-1.7294,969,2.47728,380,0.48418
ENSG00000110367,DDX6,86,-1.9004,136,-1.8587,969,2.45816,426,0.67717
ENSG00000118181,RPS25,273,-1.8976,835,-0.2792,969,0.10461,1797,1.23454
ENSG00000154096,THY1,3,-6.6652,228,-0.6400,969,2.51807,97,-1.6980
ENSG00000137642,SORL1,64,-2.4190,167,-1.5398,969,2.32862,425,0.58219
ENSG00000109971,HSPA8,27,-4.1568,384,-0.3318,969,1.52903,452,0.09994
ENSG00000165478,HEPACAM,4,-6.2459,128,-1.8561,969,2.63528,419,0.75838
ENSG00000149557,FEZ1,49,-3.0917,213,-1.4381,969,1.84117,718,1.20193
ENSG00000084234,APLP2,3,-6.6007,139,-1.6746,969,2.64626,366,0.52154
ENSG00000182667,NTM,3,-7.1048,300,-0.7473,969,1.73903,538,0.57272
ENSG00000060237,WNK1,362,-0.5201,358,-0.9287,969,1.21415,713,0.63065
ENSG00000110799,VWF,260,-0.2767,159,-1.6636,969,2.29902,284,-0.1290
ENSG00000111640,GAPDH,793,-1.5249,2382,0.52628,969,-1.2166,3200,0.76547
ENSG00000111642,CHD4,3,-6.7441,144,-1.8140,969,2.36671,548,1.08534
ENSG00000089693,MLF2,3,-6.4627,129,-1.6455,969,2.94164,238,-0.0604
ENSG00000159335,PTMS,200,-0.6153,122,-2.0766,969,2.43956,381,0.46365
ENSG00000111669,TPI1,62,-3.2978,536,0.00902,969,1.06766,567,0.09912
ENSG00000111674,ENO2,11,-4.9380,215,-1.0197,969,2.27787,327,0.09246
ENSG00000111678,C12orf57,3,-6.5426,126,-1.7889,969,2.76880,342,0.47403
ENSG00000175899,A2M,7,-5.6197,206,-1.1701,969,2.21659,417,0.47472
ENSG00000008394,MGST1,44,-2.8114,156,-1.4477,969,2.63708,265,-0.0402
ENSG00000111716,LDHB,130,-2.4447,609,-0.0873,969,0.77116,842,0.51451
ENSG00000139116,KIF21A,258,-0.8387,393,-0.2995,969,1.49938,225,-1.0505
ENSG00000018236,CNTN1,19,-3.8859,68,-2.8394,969,2.90398,483,1.19911
ENSG00000139168,ZCRB1,39,-3.3632,175,-1.7391,969,1.96196,751,1.39655
ENSG00000211584,SLC48A1,64,-2.2178,145,-1.5554,969,2.70792,245,-0.1315
ENSG00000134287,ARF3,22,-3.6629,91,-2.3202,969,2.93868,372,0.71914
ENSG00000123416,TUBA1B,106,-2.5754,426,-0.7808,969,0.98716,1122,1.27577
ENSG00000167552,TUBA1A,234,-2.2874,700,-1.0347,969,-0.0769,3101,2.21541
ENSG00000139644,TMBIM6,228,-1.7368,450,-1.1525,969,0.60283,1802,1.85089
ENSG00000135472,FAIM2,3,-6.9406,148,-2.0274,969,2.02136,837,1.68321
ENSG00000185432,METTL7A,3,-7.4785,296,-1.3717,969,1.20730,1330,1.88568
ENSG00000183283,DAZAP2,3,-6.5738,117,-1.9908,969,2.70083,423,0.81712
ENSG00000063046,EIF4B,114,-1.3719,82,-2.6525,969,2.66870,471,1.00032
ENSG00000123349,PFDN5,334,-0.9082,432,-0.8694,969,0.89242,1068,1.07787
ENSG00000197111,PCBP2,70,-2.2660,92,-2.6378,969,2.36631,688,1.54955
ENSG00000135390,ATP5MC2,4,-6.1677,126,-1.8576,969,2.66701,404,0.71245
ENSG00000135486,HNRNPA1,122,-1.8576,228,-1.4434,969,1.68690,771,1.20691
ENSG00000135441,BLOC1S1,63,-2.2825,95,-2.4351,969,2.60755,510,1.11459
ENSG00000135404,CD63,113,-1.8213,160,-1.9706,969,1.89919,804,1.48271
ENSG00000111540,RAB5B,78,-1.7497,75,-2.5783,969,3.08333,306,0.44345
ENSG00000197728,RPS26,137,-2.2767,494,-0.5368,969,0.88195,1043,1.02196
ENSG00000229117,RPL41,1012,-0.8242,1547,-0.2646,969,-0.8919,3595,1.40024
ENSG00000092841,MYL6,544,0.04083,267,-1.7234,969,1.08081,1136,1.39918
ENSG00000139613,SMARCC2,38,-2.8394,85,-2.3911,969,3.00856,341,0.60022
ENSG00000110955,ATP5F1B,110,-1.9139,252,-1.0850,969,1.82280,525,0.59204
ENSG00000110958,PTGES3,3,-6.6939,151,-1.6565,969,2.45218,455,0.79378
ENSG00000196531,NACA,150,-1.9217,390,-0.7814,969,1.16055,891,0.99673
ENSG00000123384,LRP1,3,-6.5792,167,-1.2781,969,2.65726,247,-0.1449
ENSG00000187109,NAP1L1,111,-2.4852,371,-1.0945,969,1.00781,1297,1.60029
ENSG00000067715,SYT1,28,-4.1569,493,0.35763,969,1.42818,157,-1.6531
ENSG00000058272,PPP1R12A,26,-3.4098,114,-1.8387,969,3.01452,235,-0.0444
ENSG00000111142,METAP2,122,-1.5224,155,-1.7786,969,2.20967,512,0.84161
ENSG00000075415,SLC25A3,3,-6.4589,165,-1.4654,969,2.45313,397,0.54234
ENSG00000185046,ANKS1B,3,-6.5338,86,-2.5046,969,2.78723,494,1.17161
ENSG00000166598,HSP90B1,56,-3.3458,300,-1.3680,969,1.18376,1301,1.80864
ENSG00000111275,ALDH2,212,-0.9819,266,-1.0636,969,1.72251,486,0.37656
ENSG00000089009,RPL6,256,-1.2159,433,-0.6907,969,1.02315,872,0.82260
ENSG00000179295,PTPN11,94,-2.0189,203,-1.3810,969,2.02502,522,0.73987
ENSG00000089220,PEBP1,121,-3.1171,794,-0.4602,969,0.08450,2188,1.62032
ENSG00000089157,RPLP0,213,-1.1059,245,-1.4355,969,1.53658,809,1.16478
ENSG00000111775,COX6A1,217,-1.1379,305,-1.0252,969,1.46073,676,0.75324
ENSG00000088986,DYNLL1,110,-1.7747,182,-1.5954,969,2.03977,574,0.92810
ENSG00000130779,CLIP1,18,-3.9737,110,-1.9459,969,2.94591,293,0.29932
ENSG00000182196,ARL6IP4,45,-2.7092,125,-1.7967,969,2.78710,295,0.22298
ENSG00000111328,CDK2AP1,75,-2.3507,158,-1.8901,969,2.02335,720,1.36207
ENSG00000179195,ZNF664,3,-6.4051,65,-2.8282,969,3.07651,424,1.04280
ENSG00000150991,UBC,199,-2.1227,465,-1.3517,969,0.38675,2391,2.24325
ENSG00000196199,MPHOSPH8,24,-3.9068,211,-1.1405,969,2.19150,403,0.39648
ENSG00000150459,SAP18,45,-2.9369,150,-1.7611,969,2.33230,510,0.92253
ENSG00000165566,AMER2,3,-6.4112,92,-2.2164,969,3.06456,321,0.51880
ENSG00000132970,WASF3,3,-6.5376,134,-1.6681,969,2.77142,310,0.30143
ENSG00000122026,RPL21,897,-0.5586,1262,0.00415,969,-0.4326,1908,0.72770
ENSG00000122042,UBL3,67,-2.3226,123,-2.1118,969,2.37968,558,1.13185
ENSG00000189403,HMGB1,71,-3.2745,445,-0.8749,969,0.83382,1410,1.58325
ENSG00000244754,N4BP2L2,102,-1.4842,71,-2.8527,969,2.75659,472,1.06279
ENSG00000133083,DCLK1,7,-5.3581,132,-1.6828,969,2.80461,296,0.24079
ENSG00000102804,TSC22D1,107,-2.4143,381,-0.8148,969,1.17911,936,1.10968
ENSG00000133112,TPT1,1887,0.55929,1072,-0.7160,969,-0.5642,2427,1.02678
ENSG00000123200,ZC3H13,87,-2.4139,283,-1.0362,969,1.60619,688,0.91465
ENSG00000136156,ITM2B,291,-0.9830,242,-1.9315,969,1.06554,1517,2.02776
ENSG00000118946,PCDH17,9,-5.0847,153,-1.5506,969,2.54840,370,0.48044
ENSG00000184226,PCDH9,84,-2.9064,551,-0.0426,969,0.98571,648,0.25532
ENSG00000134884,ARGLU1,25,-3.6691,154,-1.5371,969,2.55002,350,0.38089
ENSG00000185950,IRS2,80,-2.3077,254,-0.9309,969,1.95460,403,0.22906
ENSG00000185896,LAMP1,128,-1.3687,97,-2.5577,969,2.34278,627,1.33916
ENSG00000129538,RNASE1,48,-2.9111,190,-1.3755,969,2.19454,461,0.63949
ENSG00000165795,NDRG2,745,-1.8542,2851,0.63093,969,-1.4552,3807,0.80005
ENSG00000092199,HNRNPC,3,-6.7934,131,-2.0647,969,2.27858,671,1.42868
ENSG00000092096,SLC22A17,5,-6.1425,184,-1.5594,969,2.05454,656,1.20130
ENSG00000129559,NEDD8,89,-1.7299,130,-1.7940,969,2.68020,296,0.17062
ENSG00000100852,ARHGAP5,3,-6.8950,165,-1.8632,969,1.95153,837,1.61803
ENSG00000213741,RPS29,542,-1.2821,1412,0.59656,969,-0.3624,1290,0.11221
ENSG00000165502,RPL36AL,29,-3.5103,208,-0.9754,969,2.41384,229,-0.4149
ENSG00000165525,NEMF,7,-5.4653,151,-1.6367,969,2.46741,437,0.72944
ENSG00000282885,AL627171.2,438,-1.8472,1486,0.17551,969,-0.6171,2541,1.05176
ENSG00000197045,GMFB,75,-2.0060,118,-2.0074,969,2.64905,379,0.58519
ENSG00000020577,SAMD4A,17,-4.2154,153,-1.5418,969,2.56908,350,0.39502
ENSG00000126777,KTN1,63,-2.9614,227,-1.6337,969,1.49961,1084,1.74361
ENSG00000032219,ARID4A,156,-0.7534,96,-2.2324,969,2.91733,229,-0.1363
ENSG00000139970,RTN1,3,-6.6096,137,-1.9433,969,2.32075,611,1.26875
ENSG00000126803,HSPA2,3,-6.5197,59,-3.1361,969,2.81888,585,1.53743
ENSG00000072042,RDH11,4,-5.9617,155,-1.3361,969,2.81812,200,-0.4104
ENSG00000185650,ZFP36L1,270,-0.6687,175,-2.0270,969,1.63275,904,1.48339
ENSG00000119707,RBM25,179,-1.2834,275,-1.0440,969,1.66620,553,0.56009
ENSG00000119711,ALDH6A1,132,-1.1313,124,-1.8863,969,2.69020,273,0.03673
ENSG00000198668,CALM1,271,-1.9343,606,-1.1598,969,0.07607,2823,2.20800
ENSG00000100605,ITPK1,3,-6.4903,124,-1.7575,969,2.88386,287,0.23235
ENSG00000089737,DDX24,100,-1.6204,140,-1.7258,969,2.55812,324,0.25555
ENSG00000165949,IFI27,28,-3.6623,190,-1.2978,969,2.28477,405,0.46683
ENSG00000119632,IFI27L2,3,-6.5546,104,-2.1888,969,2.74204,450,0.95946
ENSG00000227051,C14orf132,52,-2.8505,239,-0.9027,969,2.12433,323,-0.0305
ENSG00000214548,MEG3,188,-1.7608,649,0.45837,969,0.93332,260,-1.2662
ENSG00000197102,DYNC1H1,68,-2.5659,243,-1.0584,969,1.93316,482,0.52441
ENSG00000080824,HSP90AA1,795,-2.7237,4692,0.05556,969,-2.4292,11780,1.78325
ENSG00000198752,CDC42BPB,6,-5.4387,116,-1.8038,969,3.01765,245,0.02969
ENSG00000100664,EIF5,131,-1.8448,342,-0.6348,969,1.54437,493,0.26193
ENSG00000166165,CKB,327,-1.7148,651,-1.0980,969,0.00036,2884,2.14874
ENSG00000126214,KLC1,13,-4.7384,232,-0.8204,969,2.29066,247,-0.3674
ENSG00000156411,ATP5MPL,58,-2.3377,96,-2.3318,969,2.73646,428,0.86177
ENSG00000179364,PACS2,70,-1.9782,121,-1.7756,969,2.93443,205,-0.3048
ENSG00000182809,CRIP2,242,-0.5533,120,-2.3925,969,2.04983,682,1.27342
ENSG00000128739,SNRPN,8,-5.4724,158,-1.6837,969,2.28285,552,1.03907
ENSG00000224078,SNHG14,56,-3.4495,483,-0.3184,969,1.06770,784,0.66769
ENSG00000104067,TJP1,118,-1.3396,137,-1.7350,969,2.61674,281,0.04503
ENSG00000140319,SRP14,87,-2.4860,265,-1.3029,969,1.50151,906,1.36044
ENSG00000247556,OIP5-AS1,117,-1.6002,171,-1.6062,969,2.18574,476,0.69152
ENSG00000103994,ZNF106,52,-2.5796,138,-1.7573,969,2.56518,377,0.52530
ENSG00000166963,MAP1A,107,-2.9135,711,0.02168,969,0.54833,1025,0.64978
ENSG00000140264,SERF2,441,-0.4837,336,-1.4741,969,0.87227,1391,1.59864
ENSG00000166734,CASC4,3,-6.4978,61,-3.0444,969,2.85903,552,1.44196
ENSG00000104131,EIF3J,237,-0.2357,96,-2.3941,969,2.62517,318,0.26352
ENSG00000166710,B2M,865,0.37792,385,-1.5205,969,0.57991,1484,1.39846
ENSG00000171766,GATM,28,-3.4599,52,-3.4286,969,2.62759,702,1.80170
ENSG00000255302,EID1,3,-6.6457,148,-1.6099,969,2.55542,390,0.57992
ENSG00000138593,SECISBP2L,3,-6.4156,84,-2.3926,969,3.05195,359,0.71943
ENSG00000138592,USP8,7,-5.5939,157,-1.6068,969,2.41048,458,0.77813
ENSG00000104112,SCG3,14,-4.4545,165,-1.3573,969,2.59229,288,0.07012
ENSG00000128989,ARPP19,50,-3.0592,259,-0.9879,969,1.84785,526,0.61551
ENSG00000137776,SLTM,289,0.01852,113,-2.1874,969,2.49332,290,0.02512
ENSG00000174444,RPL4,589,-0.4498,496,-1.2067,969,0.38622,1877,1.66790
ENSG00000137818,RPLP1,1269,-0.4520,1498,-0.3414,969,-0.8810,3455,1.33268
ENSG00000067225,PKM,31,-4.5406,430,-1.0848,969,0.73730,1737,1.93647
ENSG00000198794,SCAMP5,3,-6.6336,213,-0.7679,969,2.57721,117,-1.3714
ENSG00000140391,TSPAN3,43,-3.7023,206,-2.0723,969,1.24544,1586,2.37339
ENSG00000185787,MORF4L1,177,-1.5654,269,-1.4693,969,1.30652,1095,1.56171
ENSG00000182774,RPS17,263,-1.3017,504,-0.5076,969,0.86417,916,0.75866
ENSG00000182054,IDH2,4,-6.4881,245,-0.7430,969,2.22130,260,-0.3250
ENSG00000182768,NGRN,60,-2.5716,164,-1.6512,969,2.23611,517,0.88131
ENSG00000173575,CHD2,121,-1.3484,121,-2.0312,969,2.53524,397,0.59590
ENSG00000182253,SYNM,116,-1.4520,120,-2.1004,969,2.45688,461,0.82196
ENSG00000188536,HBA2,301747,8.70959,455,-7.7993,969,-5.7122,1533,-5.0486
ENSG00000206172,HBA1,144313,8.44526,193,-7.9736,969,-4.6472,739,-5.0404
ENSG00000103260,METRN,146,-2.5005,526,-0.9289,969,0.48872,1893,1.81701
ENSG00000007516,BAIAP3,12,-4.8870,112,-2.3425,969,2.28944,728,1.61043
ENSG00000138834,MAPK8IP3,10,-4.9962,192,-1.0291,969,2.57339,197,-0.5586
ENSG00000140988,RPS2,436,-0.7871,523,-0.8685,969,0.54418,1460,1.32356
ENSG00000185883,ATP6V0C,461,-0.4108,462,-0.7255,969,0.87537,861,0.65643
ENSG00000167978,SRRM2,51,-2.8491,170,-1.6419,969,2.15581,573,1.01435
ENSG00000103363,ELOB,196,-1.2634,273,-1.2376,969,1.49698,769,1.03042
ENSG00000089486,CDIP1,6,-5.5647,128,-1.8696,969,2.61215,431,0.79616
ENSG00000183044,ABAT,3,-6.7951,150,-1.8010,969,2.27420,598,1.18935
ENSG00000134419,RPS15A,183,-1.5916,359,-0.9414,969,1.19816,915,1.08484
ENSG00000170540,ARL6IP1,180,-1.0228,174,-1.6832,969,2.04428,531,0.78765
ENSG00000167191,GPRC5B,196,-1.2000,259,-1.2591,969,1.59346,695,0.92169
ENSG00000090905,TNRC6A,157,-0.9574,152,-1.5936,969,2.51125,253,-0.1920
ENSG00000176046,NUPR1,231,-0.9659,215,-1.6871,969,1.56136,879,1.35474
ENSG00000178952,TUFM,3,-6.5347,117,-1.9316,969,2.78117,372,0.63198
ENSG00000174938,SEZ6L2,3,-6.6119,167,-1.3155,969,2.62187,274,0.00252
ENSG00000149932,TMEM219,3,-6.5233,110,-2.0393,969,2.80704,387,0.71545
ENSG00000102882,MAPK3,4,-6.1239,173,-1.2820,969,2.55118,293,0.07507
ENSG00000069329,VPS35,112,-1.4966,150,-1.6388,969,2.48538,324,0.21072
ENSG00000103546,SLC6A2,38,-3.4009,359,0.03998,969,1.93933,40,-3.3291
ENSG00000087258,GNAO1,3,-6.8227,249,-0.7052,969,2.21843,248,-0.4046
ENSG00000087250,MT3,629,-1.9561,2424,0.37843,969,-1.2991,3994,1.08531
ENSG00000125148,MT2A,186,-2.9613,1441,0.45770,969,-0.4495,1992,0.78819
ENSG00000169715,MT1E,22,-4.4949,368,-0.5393,969,1.46101,615,0.58204
ENSG00000205364,MT1M,3,-6.9226,219,-1.1897,969,2.04944,526,0.77145
ENSG00000187193,MT1X,42,-4.0089,528,-0.3670,969,0.86680,1033,0.98730
ENSG00000205336,ADGRG1,3,-6.5638,116,-1.9884,969,2.72150,413,0.78486
ENSG00000103034,NDRG4,3,-6.9125,266,-0.6975,969,2.06766,320,-0.0811
ENSG00000135720,DYNC1LI2,61,-3.1338,374,-0.6674,969,1.33403,751,0.83461
ENSG00000159713,TPPP3,3,-6.9853,78,-3.1926,969,1.94993,1187,2.46783
ENSG00000159720,ATP6V0D1,34,-3.5460,284,-0.6351,969,1.96499,319,-0.1599
ENSG00000090863,GLG1,146,-1.2129,140,-1.9420,969,2.25694,507,0.85732
ENSG00000034713,GABARAPL2,88,-2.0276,165,-1.6688,969,2.19249,522,0.86502
ENSG00000166848,TERF2IP,85,-2.0720,195,-1.3281,969,2.18384,414,0.43691
ENSG00000140905,GCSH,3,-6.4562,144,-1.3974,969,2.95644,168,-0.6166
ENSG00000230989,HSBP1,108,-1.6322,114,-2.2878,969,2.32102,597,1.22314
ENSG00000131143,COX4I1,74,-2.8790,345,-0.9459,969,1.27252,952,1.23497
ENSG00000140941,MAP1LC3B,60,-2.3888,154,-1.5428,969,2.54969,316,0.20681
ENSG00000103257,SLC7A5,142,-1.3687,235,-0.9898,969,2.08160,290,-0.2351
ENSG00000167522,ANKRD11,4,-6.3186,223,-1.0734,969,2.11843,439,0.49509
ENSG00000167526,RPL13,1093,-0.6134,1373,-0.4513,969,-0.8039,3571,1.50359
ENSG00000141002,TCF25,57,-2.4187,157,-1.4370,969,2.63584,249,-0.1447
ENSG00000258947,TUBB3,3,-6.6340,218,-0.7103,969,2.57428,99,-1.6279
ENSG00000159842,ABR,173,-0.8154,145,-1.6994,969,2.49401,276,-0.0557
ENSG00000108953,YWHAE,186,-1.8747,414,-1.0748,969,0.81351,1465,1.64322
ENSG00000167193,CRK,3,-6.4350,125,-1.6666,969,3.00426,220,-0.1554
ENSG00000108518,PFN1,155,-1.0297,137,-1.8779,969,2.41357,387,0.47414
ENSG00000129250,KIF1C,129,-1.3220,160,-1.5721,969,2.40437,329,0.18380
ENSG00000219200,RNASEK,90,-1.8799,144,-1.7949,969,2.38145,447,0.71067
ENSG00000170296,GABARAP,210,-1.3683,348,-0.9985,969,1.21383,905,1.07831
ENSG00000132507,EIF5A,75,-1.9184,86,-2.4729,969,2.84519,390,0.75182
ENSG00000161960,EIF4A1,111,-1.7255,188,-1.4809,969,2.09912,493,0.69226
ENSG00000129244,ATP1B2,202,-1.2313,325,-0.8485,969,1.47913,584,0.50283
ENSG00000220205,VAMP2,4,-6.7635,340,-0.4345,969,1.71486,406,0.06213
ENSG00000161970,RPL26,368,-0.9541,610,-0.2710,969,0.65978,872,0.46883
ENSG00000109099,PMP22,113,-1.5563,138,-1.9006,969,2.35500,469,0.78408
ENSG00000141027,NCOR1,52,-2.9142,243,-1.0044,969,1.98518,442,0.41260
ENSG00000170315,UBB,1295,0.50844,671,-1.0164,969,0.00743,1808,1.13243
ENSG00000175061,SNHG29,3,-6.4901,166,-1.4163,969,2.50628,356,0.38416
ENSG00000133030,MPRIP,34,-3.1888,119,-1.9969,969,2.64119,422,0.77504
ENSG00000072310,SREBF1,40,-2.9198,94,-2.4222,969,2.65376,506,1.13045
ENSG00000124422,USP22,3,-6.7155,138,-1.8516,969,2.41978,529,1.05518
ENSG00000256618,MTRNR2L1,152,-2.2791,759,0.53948,969,0.67968,444,-0.6425
ENSG00000109046,WSB1,44,-2.7404,72,-2.8292,969,2.76167,524,1.27291
ENSG00000109107,ALDOC,120,-3.2701,1316,1.09775,969,-0.0773,754,-0.4897
ENSG00000198242,RPL23A,9,-6.5022,739,0.16817,969,0.55523,994,0.60052
ENSG00000126653,NSRP1,139,-1.1716,118,-2.1220,969,2.47141,436,0.72767
ENSG00000006125,AP2B1,3,-6.6778,159,-1.5128,969,2.49091,393,0.55069
ENSG00000125691,RPL23,326,-0.6660,290,-1.3835,969,1.23833,977,1.25450
ENSG00000108298,RPL19,252,-1.7440,694,-0.2912,969,0.41709,1327,0.99336
ENSG00000126351,THRA,94,-1.8230,103,-2.4300,969,2.37500,612,1.31411
ENSG00000173812,EIF1,415,-0.7611,437,-1.1388,969,0.66561,1504,1.52547
ENSG00000173786,CNP,61,-3.5989,537,-0.5688,969,0.70465,1359,1.35881
ENSG00000168610,STAT3,51,-2.5074,105,-2.1251,969,2.79792,362,0.59034
ENSG00000033627,ATP6V0A1,80,-2.2217,232,-0.9990,969,2.10580,342,0.05538
ENSG00000131469,RPL27,241,-1.2168,366,-0.9632,969,1.13967,933,1.06375
ENSG00000108828,VAT1,3,-6.6491,221,-0.9795,969,2.25188,334,0.10941
ENSG00000108830,RND2,83,-2.3660,228,-1.3631,969,1.77174,707,1.11034
ENSG00000131095,GFAP,7482,-0.8771,8714,-1.0754,969,-3.9345,46639,2.69178
ENSG00000161714,PLCD3,3,-6.5237,93,-2.3458,969,2.80616,454,1.01651
ENSG00000186868,MAPT,11,-5.0585,249,-0.7900,969,2.13962,312,-0.0798
ENSG00000108424,KPNB1,3,-6.4608,136,-1.8900,969,2.41977,539,1.09201
ENSG00000082641,NFE2L1,40,-2.9468,150,-1.5574,969,2.59910,317,0.24169
ENSG00000154945,ANKRD40,11,-4.8935,195,-1.0643,969,2.49028,243,-0.2693
ENSG00000108848,LUC7L3,3,-7.2796,373,-0.4662,969,1.49185,573,0.48030
ENSG00000008294,SPAG9,20,-3.9227,120,-1.9960,969,2.60956,450,0.87692
ENSG00000243678,NME2,26,-3.6461,131,-1.9179,969,2.47411,494,0.96316
ENSG00000153944,MSI2,22,-3.8762,81,-2.7869,969,2.49209,687,1.64701
ENSG00000264364,DYNLL2,53,-3.0351,280,-0.8729,969,1.77997,518,0.53716
ENSG00000108387,SEPTIN4,3,-7.0644,369,-0.1810,969,1.72309,282,-0.5319
ENSG00000141367,CLTC,32,-3.2475,131,-1.7842,969,2.67221,355,0.47949
ENSG00000008283,CYB561,3,-6.8515,259,-0.6480,969,2.17119,248,-0.4305
ENSG00000108654,DDX5,198,-1.1028,142,-2.3567,969,1.70020,1021,1.81796
ENSG00000171634,BPTF,110,-1.6521,130,-2.0861,969,2.25475,585,1.13275
ENSG00000108946,PRKAR1A,3,-6.6740,85,-2.6962,969,2.50280,682,1.64076
ENSG00000172809,RPL38,695,-0.5667,959,-0.0797,969,-0.0222,1376,0.58537
ENSG00000141540,TTYH2,3,-6.4681,110,-1.9642,969,2.92726,319,0.43996
ENSG00000132475,H3F3B,130,-2.0347,164,-2.4375,969,1.30294,1571,2.42322
ENSG00000132471,WBP2,95,-1.9581,172,-1.6598,969,2.10613,567,0.95618
ENSG00000182534,MXRA7,75,-2.1247,132,-1.9329,969,2.43535,471,0.84400
ENSG00000035862,TIMP2,3,-6.4712,64,-2.9327,969,2.92283,505,1.30147
ENSG00000184009,ACTG1,306,-1.6043,726,-0.4555,969,0.24079,1712,1.29681
ENSG00000225663,MCRIP1,55,-2.5644,188,-1.1534,969,2.48412,231,-0.3548
ENSG00000185624,P4HB,126,-1.2900,152,-1.5798,969,2.52522,273,-0.0568
ENSG00000141522,ARHGDIA,116,-1.7904,283,-0.7190,969,1.89346,314,-0.2342
ENSG00000101745,ANKRD12,166,-1.6968,368,-0.8042,969,1.25825,793,0.86689
ENSG00000017797,RALBP1,68,-2.1345,109,-2.1124,969,2.70147,387,0.65236
ENSG00000168461,RAB31,214,-0.6553,170,-1.5996,969,2.19942,369,0.24767
ENSG00000101558,VAPA,3,-6.5925,145,-1.5890,969,2.64615,343,0.40304
ENSG00000171885,AQP4,3,-7.8521,423,-1.5024,969,0.42926,2624,2.56181
ENSG00000134769,DTNA,330,-1.0864,292,-1.9440,969,0.70235,2075,2.33353
ENSG00000166974,MAPRE2,77,-2.1872,216,-1.0339,969,2.24538,283,-0.1714
ENSG00000101489,CELF4,3,-7.2522,519,0.46964,969,1.38200,151,-1.7439
ENSG00000132872,SYT4,3,-6.6333,202,-0.8985,969,2.57514,161,-0.8799
ENSG00000141469,SLC14A1,54,-2.6439,146,-1.7828,969,2.36219,490,0.86836
ENSG00000152234,ATP5F1A,46,-2.8389,111,-2.2560,969,2.43937,580,1.25252
ENSG00000177576,C18orf32,150,-0.9752,143,-1.6450,969,2.61441,226,-0.3189
ENSG00000265681,RPL17,377,-1.2182,516,-1.2065,969,0.31687,2228,1.97026
ENSG00000141639,MAPK4,33,-3.0786,145,-1.4029,969,2.91935,152,-0.7927
ENSG00000196628,TCF4,126,-1.5839,148,-2.0190,969,2.02316,710,1.33458
ENSG00000197971,MBP,2138,-2.7596,20176,2.86377,969,-3.9193,5207,-1.4236
ENSG00000172270,BSG,752,-0.1287,782,-0.1254,969,0.30292,837,0.05021
ENSG00000099864,PALM,149,-1.1816,129,-2.1116,969,2.25440,553,1.02154
ENSG00000167468,GPX4,27,-4.2496,353,-0.7335,969,1.39813,766,0.93052
ENSG00000099624,ATP5F1D,13,-4.9194,261,-0.8423,969,1.97243,423,0.32386
ENSG00000099622,CIRBP,39,-3.4598,205,-1.5796,969,1.78105,832,1.44689
ENSG00000115286,NDUFS7,69,-2.0685,117,-1.9317,969,2.78860,303,0.27245
ENSG00000115268,RPS15,436,-1.4365,1024,-0.1568,969,-0.1714,2019,1.13875
ENSG00000127540,UQCR11,141,-1.6872,317,-0.7594,969,1.60289,502,0.33879
ENSG00000129968,ABHD17A,82,-1.8010,81,-2.5999,969,2.80433,425,0.89130
ENSG00000065000,AP3D1,3,-6.5993,158,-1.4042,969,2.64897,288,0.10709
ENSG00000104904,OAZ1,898,0.95344,294,-1.5061,969,1.10192,637,0.32851
ENSG00000104964,TLE5,68,-2.7431,314,-0.7203,969,1.66092,515,0.42917
ENSG00000141905,NFIC,19,-4.4293,207,-1.5035,969,1.83886,776,1.35547
ENSG00000167658,EEF2,313,-1.0043,428,-0.8829,969,0.90358,1085,1.12057
ENSG00000178951,ZBTB7A,134,-1.4379,230,-1.0134,969,2.11539,288,-0.2232
ENSG00000126934,MAP2K2,3,-6.5019,218,-0.9081,969,2.35578,257,-0.2566
ENSG00000130255,RPL36,288,-1.9973,1091,0.20441,969,-0.1009,1584,0.75648
ENSG00000174886,NDUFA11,3,-6.5928,138,-1.6781,969,2.66182,360,0.50102
ENSG00000105519,CAPS,3,-7.8429,4,-8.4312,969,0.63073,3736,4.49906
ENSG00000125648,SLC25A23,3,-6.5420,127,-1.7865,969,2.77095,341,0.46735
ENSG00000104833,TUBB4A,3,-6.6277,129,-1.8662,969,2.59391,442,0.83341
ENSG00000233927,RPS28,570,-1.4257,1360,-0.0837,969,-0.5965,2785,1.25900
ENSG00000099783,HNRNPM,90,-1.6034,89,-2.3809,969,2.90265,331,0.48707
ENSG00000198258,UBL5,70,-2.2984,155,-1.6979,969,2.31739,474,0.77740
ENSG00000127445,PIN1,56,-2.3609,159,-1.2835,969,2.81051,136,-1.0253
ENSG00000129353,SLC44A2,75,-1.9820,127,-1.8236,969,2.71161,304,0.23496
ENSG00000196361,ELAVL3,61,-2.9932,365,-0.4874,969,1.51805,507,0.28639
ENSG00000167815,PRDX2,148,-1.6754,312,-0.8900,969,1.53046,617,0.64725
ENSG00000179218,CALR,3,-6.7374,172,-1.5475,969,2.23498,541,0.96557
ENSG00000008441,NFIX,164,-1.2473,105,-2.7163,969,1.92156,949,1.87083
ENSG00000072071,ADGRL1,3,-6.4613,122,-1.7545,969,2.94041,265,0.12269
ENSG00000099797,TECR,13,-4.7226,207,-1.0876,969,2.30228,337,0.16064
ENSG00000099795,NDUFB7,3,-6.5237,104,-2.1463,969,2.80861,410,0.82581
ENSG00000141867,BRD4,105,-1.9368,234,-1.1724,969,1.90870,508,0.60014
ENSG00000105640,RPL18A,45,-3.9886,610,-0.1184,969,0.75130,970,0.75318
ENSG00000130522,JUND,58,-3.1045,194,-1.9648,969,1.47515,1255,2.05839
ENSG00000105701,FKBP8,547,0.72466,126,-2.4213,969,1.89373,513,0.60555
ENSG00000221983,UBA52,1420,0.77010,683,-0.8456,969,0.09462,1294,0.60001
ENSG00000105696,TMEM59L,6,-5.7600,180,-1.2392,969,2.49696,302,0.09644
ENSG00000105669,COPE,40,-2.8430,101,-2.1598,969,2.85335,357,0.59500
ENSG00000186010,NDUFA13,108,-2.3709,419,-0.5244,969,1.20877,731,0.67034
ENSG00000105220,GPI,3,-6.8728,251,-0.7763,969,2.13491,317,-0.0553
ENSG00000153902,LGI4,3,-6.5840,131,-1.7789,969,2.68001,379,0.60286
ENSG00000266964,FXYD1,104,-1.7526,152,-1.8080,969,2.23111,526,0.90704
ENSG00000105698,USF2,17,-4.0126,82,-2.5120,969,2.89991,430,0.96875
ENSG00000105695,MAG,3,-6.7310,140,-1.8413,969,2.39330,541,1.07905
ENSG00000126267,COX6B1,115,-1.3955,107,-2.2288,969,2.58082,426,0.75641
ENSG00000105290,APLP1,3,-7.0337,100,-2.8793,969,1.81735,1245,2.44221
ENSG00000105270,CLIP3,51,-2.6742,137,-1.8449,969,2.44927,462,0.82016
ENSG00000105258,POLR2I,108,-1.3464,72,-2.7592,969,2.86035,400,0.81210
ENSG00000105254,TBCB,3,-6.4842,82,-2.5128,969,2.89606,446,1.03874
ENSG00000126247,CAPNS1,11,-5.1665,222,-1.1705,969,2.03272,521,0.74149
ENSG00000167641,PPP1R14A,49,-2.9813,213,-1.2704,969,2.02831,523,0.74756
ENSG00000130402,ACTN4,288,-0.7539,198,-2.0155,969,1.37896,1153,1.75288
ENSG00000068903,SIRT2,59,-2.5435,131,-2.0179,969,2.33049,571,1.13917
ENSG00000179134,SAMD4B,3,-6.4208,114,-1.8252,969,3.04036,245,0.04139
ENSG00000105193,RPS16,325,-1.2413,558,-0.6917,969,0.55161,1411,1.26239
ENSG00000105223,PLD3,83,-2.3787,284,-0.8539,969,1.76456,490,0.42523
ENSG00000105372,RPS19,616,-0.5395,677,-0.6917,969,0.21206,1696,1.24458
ENSG00000105404,RABAC1,3,-6.6366,155,-1.5097,969,2.56889,355,0.41878
ENSG00000105767,CADM4,3,-6.4568,105,-2.0416,969,2.95022,328,0.49787
ENSG00000130203,APOE,177,-3.5557,2639,1.88386,969,-1.0116,998,-0.9669
ENSG00000160014,CALM3,71,-2.5406,259,-0.9636,969,1.87591,476,0.46047
ENSG00000160007,ARHGAP35,8,-5.1186,155,-1.3356,969,2.81354,197,-0.4310
ENSG00000178980,SELENOW,62,-3.3509,498,-0.3267,969,1.00318,845,0.74397
ENSG00000063177,RPL18,667,-0.1260,526,-0.8940,969,0.51528,1297,1.05620
ENSG00000087086,FTL,2021,-0.1087,2087,-0.1081,969,-1.2795,3757,0.99158
ENSG00000142541,RPL13A,1046,-0.3589,1148,-0.3878,969,-0.4824,2490,1.17699
ENSG00000142534,RPS11,512,-0.9636,878,-0.1877,969,0.07032,1517,0.86636
ENSG00000104960,PTOV1,3,-6.5219,64,-3.0005,969,2.81027,569,1.47367
ENSG00000105568,PPP2R1A,115,-1.8198,178,-1.7838,969,1.87957,754,1.33257
ENSG00000170906,NDUFA3,62,-2.6191,200,-1.3645,969,2.07634,516,0.75624
ENSG00000125505,MBOAT7,3,-6.7209,213,-0.9194,969,2.41028,237,-0.3565
ENSG00000170889,RPS9,425,-0.9428,656,-0.4613,969,0.41355,1316,0.97354
ENSG00000167614,TTYH1,39,-4.1554,576,-0.2066,969,0.80501,985,0.83494
ENSG00000108107,RPL28,785,-0.7523,1134,-0.3005,969,-0.4147,2435,1.21530
ENSG00000198300,PEG3,46,-2.9029,206,-1.0856,969,2.31091,299,-0.0374
ENSG00000083845,RPS5,161,-1.8742,489,-0.2628,969,1.08169,630,0.29128
ENSG00000130725,UBE2M,4,-6.3772,229,-0.7470,969,2.39721,182,-0.7926
ENSG00000132670,PTPRA,34,-3.4954,190,-1.4985,969,2.05051,608,1.04885
ENSG00000125817,CENPB,137,-1.2119,163,-1.5117,969,2.42225,292,-0.0049
ENSG00000171867,PRNP,6,-6.3011,184,-1.9975,969,1.55629,1234,2.11126
ENSG00000101265,RASSF2,42,-2.7009,107,-1.9854,969,2.96741,269,0.16268
ENSG00000125827,TMX4,3,-6.5389,108,-2.0902,969,2.77470,413,0.81657
ENSG00000132639,SNAP25,3,-6.7493,154,-1.6805,969,2.35532,515,0.95661
ENSG00000125868,DSTN,34,-3.4221,156,-1.7930,969,2.17828,624,1.19977
ENSG00000101439,CST3,193,-3.9827,2493,-0.2018,969,-1.5969,7438,2.00283
ENSG00000100994,PYGB,36,-3.4114,194,-1.4182,969,2.08758,554,0.89887
ENSG00000101350,KIF3B,62,-2.3829,145,-1.6999,969,2.49433,388,0.52798
ENSG00000101400,SNTA1,85,-2.4451,301,-0.8748,969,1.61845,604,0.68055
ENSG00000125977,EIF2S2,12,-4.6631,117,-1.9690,969,2.71363,403,0.73482
ENSG00000101460,MAP1LC3A,3,-6.9394,287,-0.5397,969,2.02341,279,-0.3401
ENSG00000078804,TP53INP2,111,-2.2469,499,0.22134,969,1.32950,204,-1.3256
ENSG00000131051,RBM39,86,-1.9533,172,-1.4548,969,2.35745,359,0.30609
ENSG00000260032,NORAD,16,-5.5944,677,-0.0158,969,0.61616,1069,0.79526
ENSG00000198959,TGM2,3,-6.6076,159,-1.4977,969,2.51776,375,0.48577
ENSG00000132824,SERINC3,78,-1.9923,146,-1.6273,969,2.57513,311,0.19301
ENSG00000166913,YWHAB,259,-1.3897,589,-0.1660,969,0.78736,754,0.33553
ENSG00000124145,SDC4,3,-6.9126,194,-1.4355,969,2.06692,606,1.05528
ENSG00000244274,DBNDD2,3,-7.0330,155,-2.0534,969,1.87307,963,1.85738
ENSG00000054793,ATP9A,8,-5.2985,131,-1.8941,969,2.50272,491,0.96927
ENSG00000064787,BCAS1,131,-2.8507,1121,1.33929,969,0.26451,228,-2.0285
ENSG00000124225,PMEPA1,140,-1.0944,147,-1.6092,969,2.58546,239,-0.2437
ENSG00000087460,GNAS,761,-0.7625,992,-0.6087,969,-0.3735,2808,1.56379
ENSG00000124172,ATP5F1E,744,0.09024,536,-0.7999,969,0.55039,1084,0.75413
ENSG00000101182,PSMA7,3,-6.4114,98,-2.2272,969,2.84213,413,0.85761
ENSG00000171858,RPS21,172,-2.0690,604,-0.2119,969,0.71242,959,0.69212
ENSG00000101210,EEF1A2,3,-6.6624,224,-0.6876,969,2.52338,111,-1.4869
ENSG00000125534,PPDPF,189,-1.0146,187,-1.6229,969,1.94380,573,0.84985
ENSG00000142192,APP,75,-2.5483,170,-1.9941,969,1.73032,995,1.78887
ENSG00000142168,SOD1,3,-6.9438,234,-1.2888,969,1.78733,744,1.22524
ENSG00000184221,OLIG1,4,-5.9699,150,-1.4784,969,2.69977,286,0.12526
ENSG00000159140,SON,152,-1.5662,253,-1.2852,969,1.61521,732,1.03892
ENSG00000241837,ATP5PO,3,-6.5050,109,-2.0247,969,2.84881,365,0.63644
ENSG00000182670,TTC3,164,-1.5048,320,-0.8056,969,1.54457,547,0.44252
ENSG00000160209,PDXK,14,-4.3562,182,-0.9755,969,2.79102,94,-1.5975
ENSG00000141959,PFKL,159,-1.2653,196,-1.5158,969,1.96019,551,0.79047
ENSG00000183255,PTTG1IP,138,-1.3050,115,-2.3151,969,2.25753,616,1.23665
ENSG00000160307,S100B,64,-4.4675,1099,-0.3663,969,-0.4001,3217,1.82922
ENSG00000160310,PRMT2,3,-6.7729,189,-1.3179,969,2.27386,442,0.61829
ENSG00000182902,SLC25A18,5,-5.8999,190,-0.9913,969,2.65545,158,-0.8701
ENSG00000184113,CLDN5,507,-0.4826,534,-0.7085,969,0.61905,1143,0.92449
ENSG00000186716,BCR,16,-4.1734,123,-1.8410,969,2.76509,344,0.47849
ENSG00000250479,CHCHD10,15,-4.4643,171,-1.3818,969,2.45853,356,0.35727
ENSG00000240972,MIF,186,-1.6728,381,-0.9598,969,1.06584,1068,1.25775
ENSG00000100285,NEFH,3,-6.8136,286,-0.2923,969,2.24260,79,-2.1444
ENSG00000184076,UQCR10,66,-2.3351,134,-1.9373,969,2.38733,508,0.95335
ENSG00000198832,SELENOM,162,-1.0154,142,-1.8659,969,2.32866,426,0.58769
ENSG00000128245,YWHAH,3,-6.5212,143,-1.5064,969,2.81624,249,-0.0484
ENSG00000100234,TIMP3,142,-1.2273,115,-2.2839,969,2.30449,573,1.12844
ENSG00000100097,LGALS1,286,-0.6248,250,-1.3629,969,1.56702,676,0.84568
ENSG00000100201,DDX17,250,-0.4854,104,-2.6338,969,2.06752,720,1.40016
ENSG00000100242,SUN2,3,-6.7879,168,-1.6222,969,2.20409,584,1.09019
ENSG00000100316,RPL3,147,-2.5543,575,-0.8184,969,0.41161,1926,1.75733
ENSG00000100354,TNRC6B,3,-6.3794,124,-1.9914,969,2.51364,515,1.07033
ENSG00000100380,ST13,81,-2.2438,194,-1.4748,969,2.03041,566,0.89615
ENSG00000100401,RANGAP1,3,-6.4376,183,-1.0128,969,2.74010,135,-1.0740
ENSG00000100412,ACO2,24,-3.6749,161,-1.4085,969,2.59477,292,0.09464
ENSG00000100243,CYB5R3,181,-0.9250,178,-1.5198,969,2.18382,384,0.30738
ENSG00000100364,KIAA0930,34,-3.3623,200,-1.1550,969,2.30782,337,0.16476
ENSG00000100427,MLC1,3,-7.1380,178,-1.9289,969,1.70343,1068,1.92537
ENSG00000008735,MAPK8IP2,52,-2.7051,225,-0.8553,969,2.33474,199,-0.6830
ENSG00000169100,SLC25A6,7,-5.3809,130,-1.7827,969,2.68386,374,0.58133
ENSG00000002586,CD99,60,-2.8921,58,-3.8509,969,1.71215,1483,2.81773
ENSG00000205542,TMSB4X,593,-1.4576,1437,-0.1026,969,-0.6930,3065,1.33088
ENSG00000046653,GPM6B,373,-1.9918,702,-1.6184,969,-0.5149,5131,2.88936
ENSG00000173674,EIF1AX,88,-1.6737,109,-2.0352,969,2.83253,289,0.21513
ENSG00000147027,TMEM47,4,-6.2899,62,-3.1662,969,2.60784,701,1.78357
ENSG00000165175,MID1IP1,45,-2.7733,85,-2.5993,969,2.64856,540,1.25684
ENSG00000215301,DDX3X,48,-2.7199,108,-2.2110,969,2.57634,492,1.02475
ENSG00000102226,USP11,107,-1.7268,187,-1.4027,969,2.19826,410,0.43076
ENSG00000102109,PCSK1N,18,-4.8151,365,-0.6076,969,1.42857,681,0.73994
ENSG00000256045,MTRNR2L10,120,-2.8082,947,1.04643,969,0.47262,285,-1.5090
ENSG00000198034,RPS4X,158,-2.1194,530,-0.4464,969,0.80949,1040,0.94121
ENSG00000229807,XIST,3,-6.7533,134,-1.9607,969,2.34819,600,1.25268
ENSG00000225470,JPX,57,-2.3624,124,-1.8552,969,2.73270,320,0.33539
ENSG00000085224,ATRX,241,-0.7913,187,-1.8371,969,1.70676,792,1.27955
ENSG00000102144,PGK1,108,-1.6406,224,-0.8813,969,2.31703,161,-1.0257
ENSG00000198157,HMGN5,3,-6.4470,83,-2.4508,969,2.97734,400,0.87780
ENSG00000241343,RPL36A,484,-0.2864,427,-0.8575,969,0.92722,867,0.71836
ENSG00000184905,TCEAL2,3,-6.4905,120,-1.8207,969,2.87836,305,0.33261
ENSG00000133169,BEX1,3,-6.5741,185,-1.0183,969,2.69899,152,-0.9084
ENSG00000166681,BEX3,58,-2.8952,256,-1.0903,969,1.77909,610,0.83479
ENSG00000133142,TCEAL4,3,-6.7520,160,-1.6053,969,2.35401,492,0.87171
ENSG00000196507,TCEAL3,3,-6.4398,118,-1.9391,969,2.73492,394,0.70916
ENSG00000123560,PLP1,174,-3.8624,1711,-0.7304,969,-1.3063,7373,2.46931
ENSG00000157514,TSC22D3,144,-1.2546,168,-1.5986,969,2.23447,418,0.48803
ENSG00000077264,PAK3,68,-2.2455,221,-0.7769,969,2.46759,98,-1.7008
ENSG00000198918,RPL39,426,-1.1717,900,0.06433,969,0.15715,1188,0.51245
ENSG00000125356,NDUFA1,82,-1.9438,141,-1.7413,969,2.51759,367,0.44617
ENSG00000005893,LAMP2,29,-3.3188,56,-3.1982,969,2.85517,550,1.43090
ENSG00000125676,THOC2,85,-1.7624,104,-2.1709,969,2.76994,351,0.51834
ENSG00000101966,XIAP,44,-2.6396,105,-2.0182,969,2.97750,271,0.17880
ENSG00000134590,RTL8C,3,-6.6156,155,-1.4804,969,2.61627,325,0.29272
ENSG00000022267,FHL1,3,-6.4616,75,-2.9473,969,2.43395,771,1.85950
ENSG00000203930,LINC00632,241,-2.1184,390,-2.0882,969,0.06152,3771,3.02796
ENSG00000010404,IDS,133,-1.9578,310,-1.1120,969,1.34932,908,1.21717
ENSG00000130821,SLC6A8,234,-0.3879,112,-2.2676,969,2.39109,423,0.61828
ENSG00000185825,BCAP31,23,-3.8771,191,-1.1969,969,2.38240,325,0.15035
ENSG00000147403,RPL10,491,-0.8353,684,-0.5575,969,0.28148,1559,1.15591
ENSG00000203879,GDI1,9,-5.1896,151,-1.7855,969,2.27649,585,1.14860
ENSG00000198763,MT-ND2,29961,-1.7071,138178,2.69046,969,-6.7257,33286,-1.5471
ENSG00000228253,MT-ATP8,3335,-1.2441,10978,2.27119,969,-3.0962,2517,-1.6743
ENSG00000198840,MT-ND3,31091,-2.2450,207541,2.86861,969,-7.2958,53187,-1.4339
ENSG00000212907,MT-ND4L,3901,-1.5333,15429,2.21991,969,-3.6023,5064,-1.1317
ENSG00000198786,MT-ND5,8817,-1.5106,34767,2.34817,969,-4.7681,10697,-1.2136
ENSG00000198695,MT-ND6,564,-1.5855,2171,1.67251,969,-0.7457,509,-1.7423
ENSG00000198727,MT-CYB,20026,-2.3021,139832,2.97567,969,-6.7157,32332,-1.5808
