Feature ID,Feature Name,Feature count topic 1to5,Feature log2 fold change topic 1to5,Feature count topic 6to7,Feature log2 fold change topic 6to7
ENSG00000242485,MRPL20,170,-1.3359,429,1.33591
ENSG00000179403,VWA1,179,-1.2569,429,1.25692
ENSG00000160075,SSU72,244,-0.8136,429,0.81366
ENSG00000078369,GNB1,376,-1.9700,1476,1.97003
ENSG00000067606,PRKCZ,168,-1.3460,429,1.34603
ENSG00000116251,RPL22,565,0.39196,430,-0.3919
ENSG00000097021,ACOT7,274,-0.6482,429,0.64829
ENSG00000171735,CAMTA1,349,-0.2968,429,0.29680
ENSG00000116288,PARK7,241,-0.8281,429,0.82813
ENSG00000074800,ENO1,721,0.74846,429,-0.7484
ENSG00000171603,CLSTN1,363,-2.0201,1475,2.02014
ENSG00000054523,KIF1B,483,0.17171,429,-0.1717
ENSG00000116661,FBXO2,344,-0.3177,429,0.31778
ENSG00000116688,MFN2,158,-1.4400,429,1.44004
ENSG00000159363,ATP13A2,140,-1.6093,429,1.60939
ENSG00000117115,PADI2,233,-0.8817,429,0.88178
ENSG00000077549,CAPZB,247,-0.7979,429,0.79797
ENSG00000173436,MICOS10,243,-0.8207,429,0.82076
ENSG00000162545,CAMK2N1,468,0.12612,429,-0.1261
ENSG00000158828,PINK1,299,-0.5179,429,0.51798
ENSG00000127483,HP1BP3,222,-0.9519,429,0.95190
ENSG00000075151,EIF4G3,122,-3.5910,1480,3.59102
ENSG00000070831,CDC42,348,-2.8485,2511,2.84852
ENSG00000142676,RPL11,725,0.75603,429,-0.7560
ENSG00000057757,PITHD1,260,-0.7227,429,0.72277
ENSG00000001461,NIPAL3,129,-1.7288,429,1.72881
ENSG00000117632,STMN1,716,0.73765,429,-0.7376
ENSG00000142669,SH3BGRL3,226,-0.9214,429,0.92145
ENSG00000198830,HMGN2,193,-1.1536,429,1.15362
ENSG00000090273,NUDC,166,-1.3688,429,1.36884
ENSG00000126709,IFI6,291,-0.5582,429,0.55828
ENSG00000126698,DNAJC8,191,-1.1659,429,1.16592
ENSG00000130770,ATP5IF1,257,-0.7361,429,0.73611
ENSG00000134644,PUM1,180,-1.2491,429,1.24913
ENSG00000121766,ZCCHC17,156,-1.4581,429,1.45813
ENSG00000184007,PTP4A2,308,-0.4752,429,0.47523
ENSG00000175130,MARCKSL1,668,0.63823,429,-0.6382
ENSG00000116560,SFPQ,195,-1.1356,429,1.13565
ENSG00000020129,NCDN,161,-1.4147,429,1.41474
ENSG00000126067,PSMB2,150,-1.5102,429,1.51024
ENSG00000116871,MAP7D1,317,-0.4379,429,0.43799
ENSG00000197982,C1orf122,364,-2.0457,1506,2.04577
ENSG00000168653,NDUFS5,338,-0.3441,429,0.34411
ENSG00000127603,MACF1,328,-0.3855,429,0.38556
ENSG00000131236,CAP1,186,-1.2067,429,1.20675
ENSG00000117394,SLC2A1,176,-1.2861,429,1.28616
ENSG00000066322,ELOVL1,213,-1.0106,429,1.01065
ENSG00000142949,PTPRF,177,-1.2772,429,1.27720
ENSG00000117410,ATP6V0B,400,-2.0077,1611,2.00776
ENSG00000117419,ERI3,158,-1.4357,429,1.43573
ENSG00000187147,RNF220,184,-1.2165,429,1.21654
ENSG00000142937,RPS8,1179,1.45739,429,-1.4573
ENSG00000117450,PRDX1,654,-1.7842,2253,1.78426
ENSG00000173660,UQCRH,378,-0.1813,429,0.18139
ENSG00000162368,CMPK1,157,-1.4471,429,1.44714
ENSG00000162374,ELAVL4,280,-0.6122,429,0.61220
ENSG00000123091,RNF11,333,-1.9991,1333,1.99914
ENSG00000085832,EPS15,179,-1.2598,429,1.25983
ENSG00000169213,RAB3B,210,-1.0300,429,1.03003
ENSG00000162378,ZYG11B,177,-1.2726,429,1.27265
ENSG00000116209,TMEM59,333,-0.3654,429,0.36546
ENSG00000116133,DHCR24,465,0.11488,429,-0.1148
ENSG00000162407,PLPP3,220,-0.9601,429,0.96012
ENSG00000162599,NFIA,374,-0.1986,429,0.19861
ENSG00000116675,DNAJC6,376,-0.1903,429,0.19031
ENSG00000142864,SERBP1,173,-1.3109,429,1.31092
ENSG00000116754,SRSF11,204,-1.0711,429,1.07110
ENSG00000172260,NEGR1,211,-1.0215,429,1.02157
ENSG00000137941,TTLL7,203,-1.0801,429,1.08015
ENSG00000142875,PRKACB,453,0.07954,429,-0.0795
ENSG00000153904,DDAH1,216,-0.9884,429,0.98841
ENSG00000183291,SELENOF,173,-1.3093,429,1.30932
ENSG00000122406,RPL5,810,0.91607,429,-0.9160
ENSG00000134243,SORT1,344,-0.3163,429,0.31630
ENSG00000134202,GSTM3,197,-2.8123,1384,2.81234
ENSG00000168710,AHCYL1,615,0.51836,429,-0.5183
ENSG00000116459,ATP5PB,159,-1.4292,429,1.42921
ENSG00000009307,CSDE1,478,0.15572,429,-0.1557
ENSG00000163399,ATP1A1,387,-0.1467,429,0.14670
ENSG00000198162,MAN1A2,299,-0.5181,429,0.51814
ENSG00000092621,PHGDH,240,-0.8375,429,0.83753
ENSG00000178104,PDE4DIP,182,-1.2334,429,1.23346
ENSG00000159164,SV2A,299,-0.5192,429,0.51927
ENSG00000266472,MRPS21,236,-0.8617,429,0.86177
ENSG00000213190,MLLT11,257,-0.7387,429,0.73873
ENSG00000159377,PSMB4,270,-0.6695,429,0.66956
ENSG00000197747,S100A10,210,-1.0286,429,1.02862
ENSG00000197956,S100A6,442,0.04249,429,-0.0424
ENSG00000189171,S100A13,270,-0.6691,429,0.66916
ENSG00000177954,RPS27,1817,2.08088,429,-2.0808
ENSG00000143549,TPM3,220,-0.9634,429,0.96341
ENSG00000160710,ADAR,283,-0.5990,429,0.59900
ENSG00000143603,KCNN3,149,-1.5224,429,1.52241
ENSG00000163346,PBXIP1,188,-1.1877,429,1.18771
ENSG00000163463,KRTCAP2,159,-1.4315,429,1.43156
ENSG00000116539,ASH1L,162,-1.4045,429,1.40450
ENSG00000132718,SYT11,467,0.12158,429,-0.1215
ENSG00000160781,PAQR6,627,0.54655,429,-0.5465
ENSG00000125462,C1orf61,774,0.85051,429,-0.8505
ENSG00000132702,HAPLN2,251,-0.7692,429,0.76924
ENSG00000132692,BCAN,188,-1.1902,429,1.19027
ENSG00000162706,CADM3,183,-1.2277,429,1.22777
ENSG00000177807,KCNJ10,288,-0.5727,429,0.57277
ENSG00000018625,ATP1A2,794,0.85184,440,-0.8518
ENSG00000162734,PEA15,1262,1.55585,429,-1.5558
ENSG00000143256,PFDN2,193,-1.1479,429,1.14797
ENSG00000143252,SDHC,168,-1.3528,429,1.35289
ENSG00000143248,RGS5,128,-1.7450,429,1.74500
ENSG00000143198,MGST3,386,-0.1504,429,0.15046
ENSG00000143153,ATP1B1,1505,0.37907,1157,-0.3790
ENSG00000075945,KIFAP3,220,-0.9604,429,0.96048
ENSG00000117523,PRRC2C,349,-0.2976,429,0.29763
ENSG00000197959,DNM3,180,-1.2476,429,1.24767
ENSG00000117592,PRDX6,375,-0.1928,429,0.19284
ENSG00000234741,GAS5,180,-1.2482,429,1.24828
ENSG00000116161,CACYBP,254,-0.7557,429,0.75575
ENSG00000116147,TNR,167,-1.3567,429,1.35674
ENSG00000135821,GLUL,868,1.01567,429,-1.0156
ENSG00000162704,ARPC5,185,-3.0501,1533,3.05012
ENSG00000118200,CAMSAP2,186,-3.7465,2506,3.74652
ENSG00000116857,TMEM9,203,-1.0794,429,1.07941
ENSG00000159176,CSRP1,453,0.07775,429,-0.0777
ENSG00000198892,SHISA4,144,-1.5670,429,1.56703
ENSG00000170075,GPR37L1,268,-0.6782,429,0.67827
ENSG00000143862,ARL8A,225,-0.9313,429,0.93139
ENSG00000058668,ATP2B4,180,-1.2469,429,1.24692
ENSG00000163531,NFASC,186,-2.8217,1316,2.82170
ENSG00000184144,CNTN2,383,-0.1649,429,0.16497
ENSG00000117266,CDK18,234,-0.8717,429,0.87179
ENSG00000069275,NUCKS1,795,0.88874,429,-0.8887
ENSG00000117691,NENF,349,-0.2974,429,0.29745
ENSG00000154380,ENAH,200,-2.7417,1342,2.74176
ENSG00000143742,SRP9,258,-0.7309,429,0.73090
ENSG00000163041,H3F3A,373,-2.1972,1714,2.19723
ENSG00000143799,PARP1,169,-1.3408,429,1.34083
ENSG00000143772,ITPKB,210,-1.0276,429,1.02767
ENSG00000143776,CDC42BPA,147,-1.5414,429,1.54141
ENSG00000143761,ARF1,324,-0.4037,429,0.40370
ENSG00000143774,GUK1,449,0.06726,429,-0.0672
ENSG00000168159,RNF187,278,-0.6230,429,0.62303
ENSG00000135744,AGT,407,-0.0757,429,0.07570
ENSG00000119280,C1orf198,208,-1.0410,429,1.04109
ENSG00000173726,TOMM20,344,-0.3170,429,0.31709
ENSG00000054267,ARID4B,217,-0.9810,429,0.98105
ENSG00000143702,CEP170,209,-1.0365,429,1.03650
ENSG00000153187,HNRNPU,354,-0.2754,429,0.27544
ENSG00000171863,RPS7,466,-1.3088,1154,1.30888
ENSG00000134313,KIDINS220,212,-2.8147,1497,2.81473
ENSG00000134308,YWHAQ,488,0.18654,429,-0.1865
ENSG00000115756,HPCAL1,211,-1.0199,429,1.01993
ENSG00000169006,NTSR2,150,-1.5124,429,1.51243
ENSG00000134324,LPIN1,175,-1.2947,429,1.29476
ENSG00000163032,VSNL1,221,-0.9578,429,0.95782
ENSG00000143878,RHOB,433,0.01494,429,-0.0149
ENSG00000084731,KIF3C,173,-1.3106,429,1.31066
ENSG00000084754,HADHA,198,-1.1140,429,1.11402
ENSG00000138029,HADHB,230,-0.8986,429,0.89862
ENSG00000157851,DPYSL5,206,-1.0534,429,1.05344
ENSG00000084764,MAPRE3,243,-0.8191,429,0.81913
ENSG00000213639,PPP1CB,290,-2.9769,2287,2.97694
ENSG00000119801,YPEL5,187,-1.1927,429,1.19278
ENSG00000119820,YIPF4,180,-1.2474,429,1.24747
ENSG00000115944,COX7A2L,167,-1.3550,429,1.35503
ENSG00000138078,PREPL,519,0.27381,429,-0.2738
ENSG00000116016,EPAS1,186,-3.6108,2273,3.61089
ENSG00000119729,RHOQ,144,-1.5678,429,1.56783
ENSG00000143933,CALM2,1755,-1.1300,3843,1.13008
ENSG00000115306,SPTBN1,696,-1.0117,1404,1.01175
ENSG00000115310,RTN4,1512,0.06078,1450,-0.0607
ENSG00000143947,RPS27A,1280,-0.1322,1403,0.13225
ENSG00000115355,CCDC88A,478,0.15707,429,-0.1570
ENSG00000014641,MDH1,212,-1.0174,429,1.01740
ENSG00000115902,SLC1A4,132,-1.7015,429,1.70156
ENSG00000138071,ACTR2,195,-2.9442,1508,2.94421
ENSG00000115977,AAK1,149,-1.5253,429,1.52532
ENSG00000169564,PCBP1,244,-0.8152,429,0.81527
ENSG00000204843,DCTN1,232,-0.8824,429,0.88240
ENSG00000034510,TMSB10,715,0.73670,429,-0.7367
ENSG00000168906,MAT2A,201,-1.0900,429,1.09001
ENSG00000068615,REEP1,169,-3.7751,2318,3.77515
ENSG00000115561,CHMP3,135,-1.6685,429,1.66859
ENSG00000084090,STARD7,199,-1.1032,429,1.10324
ENSG00000144021,CIAO1,145,-1.5584,429,1.55847
ENSG00000135940,COX5B,687,0.67809,429,-0.6780
ENSG00000158417,EIF5B,491,0.19529,429,-0.1952
ENSG00000170500,LONRF2,152,-3.2698,1468,3.26985
ENSG00000071082,RPL31,1073,-1.9579,4169,1.95792
ENSG00000071054,MAP4K4,322,-0.4132,429,0.41323
ENSG00000135968,GCC2,160,-1.4200,429,1.42002
ENSG00000188177,ZC3H6,143,-1.5828,429,1.58281
ENSG00000155368,DBI,407,-0.0768,429,0.07686
ENSG00000136717,BIN1,229,-0.9057,429,0.90572
ENSG00000152082,MZT2B,245,-0.8058,429,0.80589
ENSG00000115762,PLEKHB2,291,-0.5572,429,0.55729
ENSG00000144224,UBXN4,267,-0.6811,429,0.68117
ENSG00000115866,DARS,190,-1.1709,429,1.17091
ENSG00000169554,ZEB2,255,-0.7519,429,0.75193
ENSG00000168280,KIF5C,538,0.32594,429,-0.3259
ENSG00000157827,FMNL2,400,-0.1010,429,0.10107
ENSG00000136541,ERMN,424,-0.0175,429,0.01754
ENSG00000144283,PKP4,322,-0.4115,429,0.41152
ENSG00000123636,BAZ2B,135,-1.6639,429,1.66399
ENSG00000153253,SCN3A,141,-1.6008,429,1.60085
ENSG00000136531,SCN2A,220,-0.9646,429,0.96467
ENSG00000138398,PPIG,297,-0.5311,429,0.53116
ENSG00000077380,DYNC1I2,491,0.19430,429,-0.1943
ENSG00000128656,CHN1,164,-1.3834,429,1.38345
ENSG00000154518,ATP5MC3,222,-0.9507,429,0.95072
ENSG00000170144,HNRNPA3,223,-3.3553,2290,3.35536
ENSG00000061676,NCKAP1,255,-0.7470,429,0.74704
ENSG00000065548,ZC3H15,219,-0.9691,429,0.96916
ENSG00000151690,MFSD6,195,-1.1328,429,1.13288
ENSG00000115419,GLS,145,-1.5630,429,1.56309
ENSG00000144381,HSPD1,283,-0.5986,429,0.59869
ENSG00000115541,HSPE1,258,-0.7347,429,0.73479
ENSG00000082153,BZW1,180,-1.2496,429,1.24961
ENSG00000115993,TRAK2,155,-3.5608,1834,3.56085
ENSG00000138443,ABI2,176,-1.2850,429,1.28508
ENSG00000023228,NDUFS1,192,-2.9659,1505,2.96595
ENSG00000114942,EEF1B2,409,-0.0697,429,0.06973
ENSG00000078018,MAP2,769,0.82604,433,-0.8260
ENSG00000115414,FN1,135,-1.6632,429,1.66322
ENSG00000197756,RPL37A,2312,0.87762,1258,-0.8776
ENSG00000144567,RETREG2,248,-0.7913,429,0.79133
ENSG00000127824,TUBA4A,217,-2.7961,1512,2.79613
ENSG00000135924,DNAJB2,351,-0.2893,429,0.28935
ENSG00000054356,PTPRN,253,-2.5838,1517,2.58385
ENSG00000123983,ACSL3,218,-0.9758,429,0.97583
ENSG00000171951,SCG2,820,-3.1069,7070,3.10694
ENSG00000135919,SERPINE2,172,-1.3145,429,1.31451
ENSG00000187957,DNER,342,-0.3255,429,0.32556
ENSG00000135916,ITM2C,668,-1.6178,2050,1.61785
ENSG00000173692,PSMD1,217,-0.9841,429,0.98414
ENSG00000115053,NCL,267,-0.6816,429,0.68164
ENSG00000187514,PTMA,1453,1.75892,429,-1.7589
ENSG00000115468,EFHD1,188,-1.1864,429,1.18642
ENSG00000182600,SNORC,348,-0.2994,429,0.29945
ENSG00000198612,COPS8,162,-1.4066,429,1.40663
ENSG00000172428,COPS9,347,-0.3065,429,0.30656
ENSG00000130294,KIF1A,639,0.57461,429,-0.5746
ENSG00000115677,HDLBP,178,-1.2682,429,1.26821
ENSG00000168385,SEPTIN2,259,-0.7272,429,0.72725
ENSG00000115694,STK25,173,-1.3093,429,1.30933
ENSG00000176720,BOK,211,-1.0196,429,1.01969
ENSG00000134121,CHL1,179,-1.2584,429,1.25848
ENSG00000134108,ARL8B,174,-3.1167,1516,3.11679
ENSG00000157103,SLC6A1,179,-1.2595,429,1.25958
ENSG00000144713,RPL32,1515,1.81860,429,-1.8186
ENSG00000144711,IQSEC1,163,-3.4858,1833,3.48588
ENSG00000174748,RPL15,796,0.89168,429,-0.8916
ENSG00000163539,CLASP2,272,-0.6567,429,0.65678
ENSG00000178567,EPM2AIP1,179,-1.2622,429,1.26228
ENSG00000144674,GOLGA4,235,-0.8674,429,0.86743
ENSG00000168028,RPSA,584,0.44353,429,-0.4435
ENSG00000168314,MOBP,1664,1.95446,429,-1.9544
ENSG00000114784,EIF1B,185,-3.0434,1527,3.04345
ENSG00000188846,RPL14,577,0.42802,429,-0.4280
ENSG00000168036,CTNNB1,278,-2.4172,1487,2.41723
ENSG00000181061,HIGD1A,264,-0.7010,429,0.70102
ENSG00000047849,MAP4,702,0.70976,429,-0.7097
ENSG00000164050,PLXNB1,243,-0.8164,429,0.81647
ENSG00000232112,TMA7,489,0.18828,429,-0.1882
ENSG00000010256,UQCRC1,250,-2.5644,1484,2.56446
ENSG00000178057,NDUFAF3,231,-0.8921,429,0.89219
ENSG00000067560,RHOA,534,0.31674,429,-0.3167
ENSG00000114353,GNAI2,372,-2.7452,2500,2.74525
ENSG00000162244,RPL29,707,0.71993,429,-0.7199
ENSG00000164091,WDR82,178,-1.2633,429,1.26339
ENSG00000010322,NISCH,166,-1.3704,429,1.37043
ENSG00000114902,SPCS1,169,-1.3421,429,1.34210
ENSG00000168309,FAM107A,566,0.39815,429,-0.3981
ENSG00000144746,ARL6IP5,277,-0.6301,429,0.63014
ENSG00000175161,CADM2,276,-3.0475,2290,3.04755
ENSG00000269028,MTRNR2L12,8353,4.27845,430,-4.2784
ENSG00000080822,CLDND1,782,-1.7223,2580,1.72237
ENSG00000081154,PCNP,191,-1.1675,429,1.16751
ENSG00000114391,RPL24,737,-1.7857,2543,1.78575
ENSG00000170017,ALCAM,224,-0.9385,429,0.93851
ENSG00000144834,TAGLN3,234,-0.8752,429,0.87524
ENSG00000114573,ATP6V1A,179,-3.6939,2319,3.69393
ENSG00000181722,ZBTB20,234,-0.8711,429,0.87117
ENSG00000172020,GAP43,527,-2.6406,3286,2.64066
ENSG00000185565,LSAMP,246,-0.8015,429,0.80152
ENSG00000065518,NDUFB4,215,-0.9924,429,0.99243
ENSG00000173230,GOLGB1,215,-0.9980,429,0.99802
ENSG00000065534,MYLK,208,-1.0418,429,1.04188
ENSG00000114631,PODXL2,231,-0.8927,429,0.89278
ENSG00000075785,RAB7A,287,-0.5802,429,0.58029
ENSG00000169714,CNBP,224,-0.9383,429,0.93838
ENSG00000091513,TF,1071,1.31907,429,-1.3190
ENSG00000154917,RAB6B,348,-2.0926,1484,2.09266
ENSG00000082996,RNF13,218,-0.9741,429,0.97411
ENSG00000070087,PFN2,232,-0.8841,429,0.88412
ENSG00000198843,SELENOT,179,-1.2626,429,1.26265
ENSG00000114850,SSR3,152,-1.4893,429,1.48932
ENSG00000163536,SERPINI1,231,-0.8919,429,0.89196
ENSG00000008952,SEC62,1221,1.50805,429,-1.5080
ENSG00000013297,CLDN11,256,-0.7436,429,0.74362
ENSG00000114416,FXR1,177,-1.2752,429,1.27527
ENSG00000242808,SOX2-OT,558,0.37842,429,-0.3784
ENSG00000181449,SOX2,177,-1.2746,429,1.27463
ENSG00000161203,AP2M1,509,0.24527,429,-0.2452
ENSG00000163888,CAMK2N2,156,-1.4555,429,1.45554
ENSG00000175166,PSMD2,225,-0.9294,429,0.92948
ENSG00000156976,EIF4A2,534,-2.7486,3593,2.74860
ENSG00000189058,APOD,457,0.09127,429,-0.0912
ENSG00000182899,RPL35A,684,0.67167,430,-0.6716
ENSG00000169020,ATP5ME,774,0.85015,429,-0.8501
ENSG00000159692,CTBP1,159,-3.1575,1422,3.15758
ENSG00000068078,FGFR3,338,-0.3450,429,0.34501
ENSG00000243449,C4orf48,465,0.11565,429,-0.1156
ENSG00000185818,NAT8L,225,-0.9289,429,0.92897
ENSG00000087274,ADD1,233,-3.4310,2519,3.43105
ENSG00000168824,NSG1,270,-3.0956,2310,3.09560
ENSG00000074211,PPP2R2C,184,-1.2207,429,1.22076
ENSG00000179010,MRFAP1,665,0.63278,429,-0.6327
ENSG00000038219,BOD1L1,206,-1.0534,429,1.05344
ENSG00000151552,QDPR,805,-0.7768,1379,0.77680
ENSG00000168214,RBPJ,162,-1.4002,429,1.40024
ENSG00000169851,PCDH7,136,-1.7022,445,1.70224
ENSG00000163682,RPL9,895,-0.8931,1662,0.89316
ENSG00000154277,UCHL1,1757,0.38212,1348,-0.3821
ENSG00000064042,LIMCH1,440,0.03576,429,-0.0357
ENSG00000124406,ATP8A1,193,-1.1473,429,1.14731
ENSG00000109180,OCIAD1,343,-0.3204,429,0.32043
ENSG00000163453,IGFBP7,370,-0.2141,429,0.21416
ENSG00000018189,RUFY3,324,-2.2022,1493,2.20226
ENSG00000132466,ANKRD17,178,-3.6625,2263,3.66256
ENSG00000138757,G3BP2,371,-0.2088,429,0.20880
ENSG00000138760,SCARB2,269,-0.6748,429,0.67485
ENSG00000118816,CCNI,296,-0.5326,429,0.53269
ENSG00000152795,HNRNPDL,280,-0.6152,429,0.61526
ENSG00000145293,ENOPH1,174,-1.2970,429,1.29702
ENSG00000145284,SCD5,634,0.56341,429,-0.5634
ENSG00000109339,MAPK10,184,-1.2182,429,1.21820
ENSG00000152583,SPARCL1,1278,1.57339,429,-1.5733
ENSG00000118785,SPP1,748,0.80207,429,-0.8020
ENSG00000163644,PPM1K,162,-1.4054,429,1.40549
ENSG00000177432,NAP1L5,240,-0.8354,429,0.83542
ENSG00000138814,PPP3CA,272,-0.6548,429,0.65489
ENSG00000109332,UBE2D3,180,-1.2506,429,1.25069
ENSG00000109475,RPL34,1360,-0.4358,1840,0.43584
ENSG00000174720,LARP7,181,-1.2420,429,1.24204
ENSG00000145362,ANK2,578,0.42996,429,-0.4299
ENSG00000164096,C4orf3,372,-0.2041,429,0.20415
ENSG00000164111,ANXA5,159,-1.4280,429,1.42805
ENSG00000153130,SCOC,514,-2.6632,3261,2.66322
ENSG00000153147,SMARCA5,205,-1.0639,429,1.06391
ENSG00000145425,RPS3A,688,0.68025,429,-0.6802
ENSG00000109654,TRIM2,349,-0.2975,429,0.29753
ENSG00000164114,MAP9,270,-0.6696,429,0.66963
ENSG00000061918,GUCY1B1,210,-1.0316,429,1.03163
ENSG00000120251,GRIA2,151,-1.5034,429,1.50343
ENSG00000164124,TMEM144,234,-0.8734,429,0.87341
ENSG00000052802,MSMO1,188,-1.1891,429,1.18919
ENSG00000109472,CPE,1014,1.23987,429,-1.2398
ENSG00000196104,SPOCK3,190,-2.9664,1488,2.96649
ENSG00000109572,CLCN3,200,-1.1002,429,1.10022
ENSG00000150625,GPM6A,724,-1.5630,2141,1.56307
ENSG00000151729,SLC25A4,209,-1.0329,429,1.03296
ENSG00000171368,TPPP,285,-0.5872,429,0.58728
ENSG00000145494,NDUFS6,203,-1.0743,429,1.07436
ENSG00000145495,MARCH6,282,-0.6024,429,0.60241
ENSG00000169862,CTNND2,252,-0.7648,429,0.76489
ENSG00000154153,RETREG1,161,-1.4146,429,1.41461
ENSG00000145555,MYO10,175,-1.2932,429,1.29327
ENSG00000176788,BASP1,740,0.78630,429,-0.7863
ENSG00000056097,ZFR,161,-1.4070,429,1.40704
ENSG00000113387,SUB1,286,-0.5829,429,0.58297
ENSG00000079215,SLC1A3,500,0.22049,429,-0.2204
ENSG00000145592,RPL37,1625,1.92046,429,-1.9204
ENSG00000250722,SELENOP,654,0.60772,429,-0.6077
ENSG00000112972,HMGCS1,173,-1.3074,429,1.30745
ENSG00000134352,IL6ST,183,-1.2291,429,1.22918
ENSG00000152932,RAB3C,229,-3.3471,2333,3.34715
ENSG00000112851,ERBIN,176,-1.2863,429,1.28636
ENSG00000164326,CARTPT,275,-3.0846,2333,3.08461
ENSG00000131711,MAP1B,4644,3.42301,432,-3.4230
ENSG00000145741,BTF3,213,-1.0075,429,1.00754
ENSG00000171530,TBCA,448,0.06304,429,-0.0630
ENSG00000085365,SCAMP1,186,-3.0109,1504,3.01090
ENSG00000186468,RPS23,1149,-0.1844,1306,0.18449
ENSG00000164176,EDIL3,569,0.40597,429,-0.4059
ENSG00000127184,COX7C,816,-2.1670,3665,2.16704
ENSG00000175745,NR2F1,246,-0.8039,429,0.80396
ENSG00000145730,PAM,225,-0.9282,429,0.92821
ENSG00000145743,FBXL17,135,-4.0858,2298,4.08584
ENSG00000198961,PJA2,415,-1.8068,1452,1.80683
ENSG00000134982,APC,221,-0.9577,429,0.95777
ENSG00000129625,REEP5,245,-2.4946,1382,2.49463
ENSG00000164241,C5orf63,1125,0.27389,931,-0.2738
ENSG00000064651,SLC12A2,246,-0.8026,429,0.80267
ENSG00000169567,HINT1,328,-0.3863,429,0.38637
ENSG00000131437,KIF3A,364,-0.2363,429,0.23632
ENSG00000164402,SEPTIN8,368,-0.2214,429,0.22147
ENSG00000164405,UQCRQ,469,-2.3053,2319,2.30534
ENSG00000213585,VDAC1,171,-3.1043,1475,3.10434
ENSG00000113558,SKP1,636,0.56648,429,-0.5664
ENSG00000113575,PPP2CA,203,-1.0750,429,1.07504
ENSG00000152377,SPOCK1,252,-3.2001,2320,3.20014
ENSG00000132563,REEP2,172,-1.3141,429,1.31417
ENSG00000113013,HSPA9,248,-0.7872,429,0.78726
ENSG00000044115,CTNNA1,220,-0.9602,429,0.96021
ENSG00000171604,CXXC5,248,-0.7912,429,0.79127
ENSG00000185129,PURA,151,-1.5007,429,1.50079
ENSG00000120306,CYSTM1,148,-1.5300,429,1.53006
ENSG00000131503,ANKHD1,136,-1.6540,429,1.65401
ENSG00000131495,NDUFA2,201,-1.0928,429,1.09280
ENSG00000131507,NDFIP1,452,0.07414,429,-0.0741
ENSG00000113578,FGF1,345,-0.3160,429,0.31605
ENSG00000113657,DPYSL3,275,-0.6410,429,0.64100
ENSG00000113712,CSNK1A1,240,-0.8386,429,0.83860
ENSG00000164587,RPS14,1217,-0.1713,1371,0.17130
ENSG00000211445,GPX3,318,-0.4331,429,0.43315
ENSG00000197043,ANXA6,213,-1.0105,429,1.01051
ENSG00000113140,SPARC,1724,0.63988,1106,-0.6398
ENSG00000177556,ATOX1,158,-1.4397,429,1.43978
ENSG00000155506,LARP1,354,-3.0048,2842,3.00482
ENSG00000055163,CYFIP2,223,-0.9441,429,0.94413
ENSG00000113312,TTC1,171,-1.3271,429,1.32715
ENSG00000164609,SLU7,209,-1.0344,429,1.03444
ENSG00000181163,NPM1,211,-1.0188,429,1.01884
ENSG00000120129,DUSP1,177,-1.2719,429,1.27198
ENSG00000170091,NSG2,329,-0.3829,429,0.38295
ENSG00000145920,CPLX2,139,-1.6265,429,1.62652
ENSG00000175416,CLTB,256,-0.7444,429,0.74445
ENSG00000074317,SNCB,197,-1.1240,429,1.12400
ENSG00000127022,CANX,696,-1.0986,1492,1.09866
ENSG00000161011,SQSTM1,366,-0.2301,429,0.23010
ENSG00000204628,RACK1,446,0.05448,429,-0.0544
ENSG00000137267,TUBB2A,482,0.16650,429,-0.1665
ENSG00000137285,TUBB2B,654,-2.4437,3558,2.44377
ENSG00000172201,ID4,180,-1.2526,429,1.25260
ENSG00000112308,C6orf62,205,-1.0638,429,1.06385
ENSG00000204681,GABBR1,194,-1.1443,429,1.14432
ENSG00000206503,HLA-A,274,-0.6452,429,0.64523
ENSG00000204592,HLA-E,259,-0.7271,429,0.72719
ENSG00000196230,TUBB,603,-1.1505,1340,1.15053
ENSG00000137312,FLOT1,209,-1.0347,429,1.03475
ENSG00000204580,DDR1,308,-0.4765,429,0.47656
ENSG00000204525,HLA-C,217,-0.9825,429,0.98256
ENSG00000234745,HLA-B,335,-0.3576,429,0.35762
ENSG00000204389,HSPA1A,206,-1.0581,429,1.05819
ENSG00000204387,SNHG32,142,-1.5921,429,1.59215
ENSG00000231500,RPS18,1050,1.28962,429,-1.2896
ENSG00000272325,NUDT3,332,-0.3710,429,0.37106
ENSG00000124614,RPS10,220,-0.9640,429,0.96402
ENSG00000198755,RPL10A,420,-0.0318,429,0.03189
ENSG00000137409,MTCH1,639,0.57317,429,-0.5731
ENSG00000146122,DAAM2,209,-1.0378,429,1.03786
ENSG00000096384,HSP90AB1,2002,-0.2373,2360,0.23736
ENSG00000172348,RCAN2,190,-1.1712,429,1.17127
ENSG00000170915,PAQR8,362,-0.2461,429,0.24615
ENSG00000012660,ELOVL5,165,-1.3764,429,1.37641
ENSG00000151914,DST,612,0.51093,429,-0.5109
ENSG00000168216,LMBRD1,192,-1.1579,429,1.15794
ENSG00000112309,B3GAT2,156,-1.4610,429,1.46100
ENSG00000119900,OGFRL1,220,-2.4710,1222,2.47103
ENSG00000156508,EEF1A1,3230,2.80653,461,-2.8065
ENSG00000112695,COX7A2,466,0.11831,429,-0.1183
ENSG00000112697,TMEM30A,240,-0.8357,429,0.83578
ENSG00000065609,SNAP91,187,-1.1932,429,1.19323
ENSG00000203875,SNHG5,123,-1.7944,429,1.79442
ENSG00000132424,PNISR,216,-0.9878,429,0.98783
ENSG00000112335,SNX3,349,-0.2990,429,0.29901
ENSG00000277443,MARCKS,556,0.37454,429,-0.3745
ENSG00000187189,TSPYL4,250,-0.7776,429,0.77767
ENSG00000189241,TSPYL1,443,0.04762,429,-0.0476
ENSG00000152661,GJA1,513,0.25734,429,-0.2573
ENSG00000111897,SERINC1,612,0.51099,429,-0.5109
ENSG00000111912,NCOA7,201,-2.9120,1519,2.91204
ENSG00000111911,HINT3,178,-3.0847,1518,3.08477
ENSG00000079950,STX7,187,-1.1966,429,1.19664
ENSG00000112306,RPS12,1230,1.51846,429,-1.5184
ENSG00000135541,AHI1,133,-1.6857,429,1.68572
ENSG00000029363,BCLAF1,201,-1.0938,429,1.09387
ENSG00000112379,ARFGEF3,196,-1.1312,429,1.13129
ENSG00000111961,SASH1,189,-1.1839,429,1.18391
ENSG00000120265,PCMT1,183,-3.6588,2318,3.65889
ENSG00000131016,AKAP12,207,-1.0472,429,1.04721
ENSG00000092820,EZR,262,-0.7099,429,0.70990
ENSG00000112096,SOD2,291,-0.5609,429,0.56094
ENSG00000112531,QKI,980,1.19159,429,-1.1915
ENSG00000071242,RPS6KA2,157,-1.4444,429,1.44441
ENSG00000188191,PRKAR1B,276,-0.6370,429,0.63709
ENSG00000105963,ADAP1,157,-3.8638,2297,3.86380
ENSG00000075624,ACTB,2386,2.47418,429,-2.4741
ENSG00000075618,FSCN1,173,-1.3110,429,1.31104
ENSG00000136238,RAC1,782,0.86601,429,-0.8660
ENSG00000189043,NDUFA4,839,0.96686,429,-0.9668
ENSG00000136237,RAPGEF5,175,-1.2906,429,1.29067
ENSG00000196683,TOMM7,514,0.26042,429,-0.2604
ENSG00000172115,CYCS,185,-1.2131,429,1.21310
ENSG00000122566,HNRNPA2B1,380,-1.7749,1301,1.77493
ENSG00000122565,CBX3,209,-1.0359,429,1.03593
ENSG00000086300,SNX10,268,-0.6800,429,0.68006
ENSG00000106052,TAX1BP1,303,-2.2475,1441,2.24758
ENSG00000255690,TRIL,167,-1.3585,429,1.35850
ENSG00000136193,SCRN1,248,-0.7915,429,0.79154
ENSG00000180354,MTURN,839,0.96640,429,-0.9664
ENSG00000240583,AQP1,317,-0.4342,429,0.43424
ENSG00000078549,ADCYAP1R1,182,-1.2342,429,1.23425
ENSG00000122545,SEPTIN7,708,0.72187,429,-0.7218
ENSG00000011426,ANLN,230,-2.7158,1512,2.71587
ENSG00000086289,EPDR1,165,-4.3523,3385,4.35238
ENSG00000058404,CAMK2B,419,-1.7452,1405,1.74523
ENSG00000015676,NUDCD3,139,-1.6192,429,1.61925
ENSG00000105953,OGDH,145,-1.5605,429,1.56056
ENSG00000196262,PPIA,1120,1.38401,429,-1.3840
ENSG00000105968,H2AFV,133,-1.6832,429,1.68329
ENSG00000106153,CHCHD2,386,-1.9977,1542,1.99775
ENSG00000126524,SBDS,147,-1.5462,429,1.54628
ENSG00000106682,EIF4H,276,-0.6350,429,0.63503
ENSG00000106665,CLIP2,188,-1.1892,429,1.18923
ENSG00000263001,GTF2I,640,-0.7406,1069,0.74060
ENSG00000005486,RHBDD2,685,0.67486,429,-0.6748
ENSG00000146701,MDH2,172,-1.3194,429,1.31945
ENSG00000106211,HSPB1,406,-0.0795,429,0.07954
ENSG00000170027,YWHAG,729,-1.0177,1477,1.01773
ENSG00000186472,PCLO,170,-1.3316,429,1.33163
ENSG00000075142,SRI,325,-0.3998,429,0.39984
ENSG00000127914,AKAP9,226,-0.9220,429,0.92204
ENSG00000001630,CYP51A1,205,-1.0614,429,1.06141
ENSG00000242265,PEG10,525,-1.3769,1365,1.37696
ENSG00000105854,PON2,164,-1.3805,429,1.38052
ENSG00000158560,DYNC1I1,179,-1.2573,429,1.25730
ENSG00000164713,BRI3,169,-1.3409,429,1.34096
ENSG00000166448,TMEM130,281,-0.6098,429,0.60986
ENSG00000241468,ATP5MF,267,-0.6827,429,0.68272
ENSG00000106261,ZKSCAN1,147,-1.5371,429,1.53714
ENSG00000188186,LAMTOR4,204,-1.0736,429,1.07369
ENSG00000166925,TSC22D4,491,0.19383,429,-0.1938
ENSG00000172354,GNB2,194,-1.1423,429,1.14239
ENSG00000128564,VGF,236,-3.2790,2296,3.27907
ENSG00000106400,ZNHIT1,204,-1.0728,429,1.07285
ENSG00000214253,FIS1,273,-0.6516,429,0.65167
ENSG00000135250,SRPK2,221,-0.9566,429,0.95660
ENSG00000091129,NRCAM,154,-1.4734,429,1.47343
ENSG00000198898,CAPZA2,183,-3.0400,1507,3.04008
ENSG00000106278,PTPRZ1,215,-0.9956,429,0.99566
ENSG00000128609,NDUFA5,232,-0.8836,429,0.88360
ENSG00000128524,ATP6V1F,184,-1.2218,429,1.22183
ENSG00000286214,AUXG01000058.1,336,-0.3539,429,0.35396
ENSG00000085662,AKR1B1,190,-3.3926,2001,3.39263
ENSG00000105887,MTPN,230,-2.6939,1494,2.69399
ENSG00000105894,PTN,170,-1.3289,429,1.32893
ENSG00000064393,HIPK2,505,0.23509,429,-0.2350
ENSG00000090266,NDUFB2,298,-2.5457,1744,2.54570
ENSG00000198420,TCAF1,248,-0.7897,429,0.78976
ENSG00000171130,ATP6V0E2,405,-0.0835,429,0.08350
ENSG00000133612,AGAP3,158,-1.4379,429,1.43793
ENSG00000106615,RHEB,235,-0.8659,429,0.86591
ENSG00000130226,DPP6,283,-0.5991,429,0.59915
ENSG00000186480,INSIG1,186,-1.2065,429,1.20650
ENSG00000105993,DNAJB6,253,-0.7606,429,0.76066
ENSG00000079459,FDFT1,182,-1.2372,429,1.23729
ENSG00000164733,CTSB,341,-2.0729,1435,2.07293
ENSG00000078674,PCM1,182,-1.2328,429,1.23282
ENSG00000104763,ASAH1,193,-1.1465,429,1.14659
ENSG00000147416,ATP6V1B2,391,-0.1343,429,0.13433
ENSG00000168490,PHYHIP,172,-1.3181,429,1.31811
ENSG00000104722,NEFM,1063,1.30787,429,-1.3078
ENSG00000277586,NEFL,1553,-1.3138,3860,1.31380
ENSG00000104765,BNIP3L,230,-2.6902,1487,2.69027
ENSG00000240694,PNMA2,269,-0.6716,429,0.67162
ENSG00000092964,DPYSL2,1085,-0.2843,1321,0.28433
ENSG00000015592,STMN4,366,-0.2278,429,0.22780
ENSG00000120885,CLU,3998,0.81535,2272,-0.8153
ENSG00000147419,CCDC25,119,-1.8401,429,1.84017
ENSG00000133872,SARAF,1131,1.39792,429,-1.3979
ENSG00000104695,PPP2CB,371,-0.2101,429,0.21019
ENSG00000077782,FGFR1,152,-1.4904,429,1.49042
ENSG00000147526,TACC1,245,-0.8046,429,0.80460
ENSG00000078668,VDAC3,183,-1.2259,429,1.22590
ENSG00000169139,UBE2V2,163,-1.3913,429,1.39131
ENSG00000023287,RB1CC1,144,-1.5667,429,1.56675
ENSG00000008988,RPS20,616,0.52186,429,-0.5218
ENSG00000137575,SDCBP,162,-1.3986,429,1.39864
ENSG00000104388,RAB2A,308,-0.4752,429,0.47521
ENSG00000245910,SNHG6,523,-0.8239,926,0.82391
ENSG00000147604,RPL7,664,-1.8396,2377,1.83968
ENSG00000171033,PKIA,161,-1.4104,429,1.41046
ENSG00000104435,STMN2,1075,-1.9029,4020,1.90297
ENSG00000164687,FABP5,315,-0.4442,429,0.44421
ENSG00000147588,PMP2,1590,1.88876,429,-1.8887
ENSG00000123119,NECAB1,281,-0.6076,429,0.60763
ENSG00000156467,UQCRB,1065,-1.2209,2483,1.22090
ENSG00000147649,MTDH,284,-0.5938,429,0.59388
ENSG00000156482,RPL30,1101,1.35813,429,-1.3581
ENSG00000164919,COX6C,672,-1.1666,1508,1.16667
ENSG00000070756,PABPC1,431,0.00772,429,-0.0077
ENSG00000164924,YWHAZ,667,-1.1033,1434,1.10338
ENSG00000164929,BAALC,330,-0.3789,429,0.37891
ENSG00000164754,RAD21,271,-0.6592,429,0.65925
ENSG00000136960,ENPP2,216,-0.9885,429,0.98852
ENSG00000147684,NDUFB9,351,-0.2892,429,0.28924
ENSG00000104419,NDRG1,476,0.14851,429,-0.1485
ENSG00000176956,LY6H,298,-0.5248,429,0.52489
ENSG00000104529,EEF1D,239,-0.8446,429,0.84467
ENSG00000178209,PLEC,208,-1.0426,429,1.04269
ENSG00000178719,GRINA,252,-0.7640,429,0.76402
ENSG00000161016,RPL8,809,0.64209,518,-0.6420
ENSG00000147862,NFIB,218,-0.9764,429,0.97644
ENSG00000164985,PSIP1,340,-0.3332,429,0.33325
ENSG00000137154,RPS6,1361,1.66429,429,-1.6642
ENSG00000107105,ELAVL2,169,-1.3455,429,1.34555
ENSG00000086061,DNAJA1,310,-0.4679,429,0.46793
ENSG00000168913,ENHO,446,0.05674,429,-0.0567
ENSG00000165280,VCP,231,-3.3295,2331,3.32955
ENSG00000122705,CLTA,231,-0.8888,429,0.88888
ENSG00000107372,ZFAND5,222,-3.3692,2295,3.36922
ENSG00000156052,GNAQ,265,-0.6951,429,0.69516
ENSG00000165119,HNRNPK,387,-0.1480,429,0.14805
ENSG00000148053,NTRK2,730,0.76648,429,-0.7664
ENSG00000187764,SEMA4D,329,-0.3834,429,0.38342
ENSG00000130956,HABP4,160,-1.4245,429,1.42453
ENSG00000136938,ANP32B,277,-0.6290,429,0.62901
ENSG00000070214,SLC44A1,283,-0.6007,429,0.60078
ENSG00000136810,TXN,176,-1.2831,429,1.28315
ENSG00000198121,LPAR1,160,-1.4160,429,1.41603
ENSG00000173258,ZNF483,325,-0.3995,429,0.39951
ENSG00000136888,ATP6V1G1,197,-3.4249,2123,3.42499
ENSG00000148180,GSN,328,-0.3865,429,0.38654
ENSG00000136942,RPL35,888,1.04823,429,-1.0482
ENSG00000044574,HSPA5,200,-1.1022,429,1.10223
ENSG00000197958,RPL12,484,-1.5440,1412,1.54409
ENSG00000136854,STXBP1,280,-0.6134,429,0.61347
ENSG00000106992,AK1,217,-0.9785,429,0.97850
ENSG00000106976,DNM1,323,-0.4107,429,0.41071
ENSG00000197694,SPTAN1,360,-0.2538,429,0.25383
ENSG00000119335,SET,290,-2.1602,1298,2.16027
ENSG00000148341,SH3GLB2,161,-1.4068,429,1.40689
ENSG00000119383,PTPA,178,-1.2634,429,1.26347
ENSG00000136819,C9orf78,172,-1.3179,429,1.31792
ENSG00000107130,NCS1,180,-1.2496,429,1.24962
ENSG00000126878,AIF1L,209,-1.0334,429,1.03341
ENSG00000130723,PRRC2B,149,-1.5210,429,1.52103
ENSG00000148303,RPL7A,767,0.83664,429,-0.8366
ENSG00000123454,DBH,387,-0.1478,429,0.14785
ENSG00000130558,OLFM1,273,-0.6509,429,0.65094
ENSG00000148411,NACC2,202,-1.0856,429,1.08560
ENSG00000196642,RABL6,159,-1.4308,429,1.43080
ENSG00000054148,PHPT1,181,-1.2461,429,1.24611
ENSG00000107223,EDF1,423,-0.0193,429,0.01935
ENSG00000107317,PTGDS,2621,0.25654,2194,-0.2565
ENSG00000107331,ABCA2,424,-0.0162,429,0.01629
ENSG00000107281,NPDC1,367,-0.2265,429,0.22656
ENSG00000176978,DPP7,165,-1.3741,429,1.37414
ENSG00000176884,GRIN1,225,-1.8713,823,1.87137
ENSG00000188229,TUBB4B,503,0.22965,429,-0.2296
ENSG00000165802,NSMF,201,-1.0899,429,1.08996
ENSG00000182154,MRPL41,176,-1.2869,429,1.28699
ENSG00000067064,IDI1,148,-1.5283,429,1.52830
ENSG00000067057,PFKP,266,-0.6866,429,0.68665
ENSG00000057608,GDI2,183,-1.2301,429,1.23016
ENSG00000123240,OPTN,287,-0.5775,429,0.57758
ENSG00000148468,FAM171A1,335,-2.7810,2306,2.78108
ENSG00000026025,VIM,286,-1.9727,1124,1.97272
ENSG00000078114,NEBL,259,-2.6525,1632,2.65257
ENSG00000150867,PIP4K2A,225,-0.9315,429,0.93154
ENSG00000107863,ARHGAP21,298,-0.5228,429,0.52284
ENSG00000099246,RAB18,213,-1.0052,429,1.00525
ENSG00000095787,WAC,171,-1.3238,429,1.32387
ENSG00000148516,ZEB1,145,-1.5660,429,1.56602
ENSG00000170759,KIF5B,391,-0.1342,429,0.13423
ENSG00000150093,ITGB1,153,-1.4888,429,1.48884
ENSG00000266412,NCOA4,138,-1.6294,429,1.62945
ENSG00000122873,CISD1,171,-1.3265,429,1.32658
ENSG00000237949,LINC00844,239,-0.8428,429,0.84282
ENSG00000165443,PHYHIPL,228,-0.9077,429,0.90779
ENSG00000151150,ANK3,168,-1.3516,429,1.35169
ENSG00000060339,CCAR1,147,-1.5403,429,1.54037
ENSG00000156515,HK1,280,-2.3091,1392,2.30917
ENSG00000180817,PPA1,349,-2.0904,1486,2.09046
ENSG00000197746,PSAP,1395,-0.6109,2130,0.61097
ENSG00000107742,SPOCK2,405,-1.8356,1447,1.83561
ENSG00000107758,PPP3CB,166,-1.3713,429,1.37131
ENSG00000148660,CAMK2G,141,-1.5967,429,1.59676
ENSG00000138326,RPS24,1102,1.35982,429,-1.3598
ENSG00000165424,ZCCHC24,258,-0.7321,429,0.73213
ENSG00000122378,PRXL2A,362,-0.2438,429,0.24380
ENSG00000165678,GHITM,335,-0.3583,429,0.35835
ENSG00000173267,SNCG,551,0.36058,429,-0.3605
ENSG00000148672,GLUD1,374,-0.1971,429,0.19712
ENSG00000148690,FRA10AC1,143,-1.5862,429,1.58624
ENSG00000171314,PGAM1,396,-0.1139,429,0.11390
ENSG00000120053,GOT1,183,-1.2229,429,1.22295
ENSG00000099194,SCD,1557,1.85807,429,-1.8580
ENSG00000166136,NDUFB8,303,-0.5003,429,0.50039
ENSG00000198408,OGA,173,-3.1218,1508,3.12182
ENSG00000138107,ACTR1A,181,-1.2445,429,1.24450
ENSG00000148798,INA,305,-2.9184,2312,2.91844
ENSG00000173915,ATP5MD,408,-0.0733,429,0.07331
ENSG00000148834,GSTO1,183,-1.2252,429,1.22524
ENSG00000148700,ADD3,247,-0.7933,429,0.79335
ENSG00000108061,SHOC2,231,-2.6665,1468,2.66656
ENSG00000187164,SHTN1,279,-0.6241,430,0.62412
ENSG00000165646,SLC18A2,297,-0.5284,429,0.52840
ENSG00000107581,EIF3A,232,-0.8844,429,0.88440
ENSG00000165672,PRDX3,160,-1.4174,429,1.41749
ENSG00000198825,INPP5F,600,-1.1819,1362,1.18194
ENSG00000066468,FGFR2,250,-0.7796,429,0.77966
ENSG00000166033,HTRA1,462,-1.5342,1340,1.53423
ENSG00000065154,OAT,283,-3.0277,2309,3.02778
ENSG00000107902,LHPP,419,-0.0336,429,0.03367
ENSG00000176171,BNIP3,273,-0.6493,429,0.64934
ENSG00000148826,NKX6-2,217,-0.9833,429,0.98337
ENSG00000171798,KNDC1,139,-1.6238,429,1.62389
ENSG00000130643,CALY,589,0.45691,429,-0.4569
ENSG00000127884,ECHS1,220,-0.9607,429,0.96076
ENSG00000142089,IFITM3,391,-0.1328,429,0.13287
ENSG00000184524,CEND1,233,-0.8813,429,0.88134
ENSG00000177600,RPLP2,1126,1.39066,429,-1.3906
ENSG00000177700,POLR2L,182,-1.2322,429,1.23221
ENSG00000078902,TOLLIP,171,-1.3241,429,1.32412
ENSG00000117984,CTSD,507,0.24144,429,-0.2414
ENSG00000180176,TH,316,-0.4405,429,0.44058
ENSG00000110651,CD81,1012,1.23538,430,-1.2353
ENSG00000129757,CDKN1C,355,-0.2711,429,0.27117
ENSG00000205531,NAP1L4,255,-0.7506,429,0.75062
ENSG00000244734,HBB,890,1.05094,429,-1.0509
ENSG00000166313,APBB1,589,0.45750,429,-0.4575
ENSG00000166337,TAF10,165,-3.4917,1866,3.49172
ENSG00000166441,RPL27A,703,-1.6426,2197,1.64266
ENSG00000184014,DENND5A,165,-1.3734,429,1.37347
ENSG00000205339,IPO7,160,-1.4207,429,1.42078
ENSG00000255823,MTRNR2L8,2380,2.47018,429,-2.4701
ENSG00000110315,RNF141,167,-1.3551,429,1.35517
ENSG00000110321,EIF4G2,461,0.10522,429,-0.1052
ENSG00000050165,DKK3,695,0.69472,429,-0.6947
ENSG00000110696,C11orf58,172,-1.3120,429,1.31209
ENSG00000110700,RPS13,855,0.99390,429,-0.9939
ENSG00000134333,LDHA,281,-0.6090,429,0.60901
ENSG00000198168,SVIP,437,-1.6586,1380,1.65866
ENSG00000085063,CD59,333,-0.3640,429,0.36401
ENSG00000110436,SLC1A2,433,0.01383,429,-0.0138
ENSG00000166326,TRIM44,199,-1.1058,429,1.10588
ENSG00000149084,HSD17B12,181,-1.2392,429,1.23921
ENSG00000121653,MAPK8IP1,398,-1.9043,1490,1.90430
ENSG00000165916,PSMC3,219,-0.9659,429,0.96597
ENSG00000172247,C1QTNF4,208,-1.0432,429,1.04328
ENSG00000167986,DDB1,172,-3.8964,2568,3.89640
ENSG00000134824,FADS2,244,-0.8110,429,0.81108
ENSG00000149485,FADS1,197,-1.1191,429,1.11918
ENSG00000167996,FTH1,4258,1.81685,1208,-1.8168
ENSG00000254772,EEF1G,495,-1.5617,1461,1.56175
ENSG00000168000,BSCL2,590,0.45909,429,-0.4590
ENSG00000162188,GNG3,264,-2.5096,1504,2.50963
ENSG00000176485,PLAAT3,265,-0.6942,429,0.69425
ENSG00000133318,RTN3,1064,1.30908,429,-1.3090
ENSG00000176340,COX8A,410,-2.6598,2593,2.65983
ENSG00000173511,VEGFB,187,-1.1951,429,1.19516
ENSG00000173113,TRMT112,183,-3.6665,2328,3.66657
ENSG00000126432,PRDX5,402,-1.8942,1494,1.89420
ENSG00000110076,NRXN2,246,-0.7996,429,0.79961
ENSG00000213465,ARL2,239,-0.8408,429,0.84081
ENSG00000149806,FAU,911,-0.6176,1398,0.61761
ENSG00000245532,NEAT1,668,0.63897,429,-0.6389
ENSG00000251562,MALAT1,6006,3.80464,429,-3.8046
ENSG00000172757,CFL1,788,0.87727,429,-0.8772
ENSG00000175602,CCDC85B,300,-0.5167,429,0.51678
ENSG00000179292,TMEM151A,276,-0.6353,429,0.63539
ENSG00000174684,B4GAT1,351,-0.2877,429,0.28778
ENSG00000172508,CARNS1,367,-0.2232,429,0.22323
ENSG00000084207,GSTP1,360,-0.2521,429,0.25212
ENSG00000110717,NDUFS8,167,-1.3560,429,1.35601
ENSG00000149357,LAMTOR1,188,-1.1883,429,1.18835
ENSG00000021300,PLEKHB1,876,1.02878,429,-1.0287
ENSG00000175582,RAB6A,207,-1.0473,429,1.04730
ENSG00000118363,SPCS2,151,-1.5067,429,1.50674
ENSG00000149273,RPS3,544,0.34111,429,-0.3411
ENSG00000048649,RSF1,225,-0.9298,429,0.92986
ENSG00000151366,NDUFC2,201,-1.0953,429,1.09531
ENSG00000073921,PICALM,194,-3.2270,1819,3.22709
ENSG00000149212,SESN3,152,-1.4965,429,1.49656
ENSG00000152578,GRIA4,148,-1.5276,429,1.52760
ENSG00000137710,RDX,357,-0.2655,429,0.26551
ENSG00000109846,CRYAB,1265,1.55852,429,-1.5585
ENSG00000149294,NCAM1,613,-0.8016,1069,0.80166
ENSG00000168092,PAFAH1B2,386,-0.1530,429,0.15301
ENSG00000137726,FXYD6,407,-0.0775,429,0.07757
ENSG00000167283,ATP5MG,258,-0.7351,429,0.73514
ENSG00000118058,KMT2A,159,-1.4334,429,1.43349
ENSG00000110367,DDX6,226,-0.9249,429,0.92498
ENSG00000118181,RPS25,1126,-0.9464,2170,0.94642
ENSG00000154096,THY1,471,0.13524,429,-0.1352
ENSG00000109929,SC5D,193,-1.1501,429,1.15017
ENSG00000137642,SORL1,275,-0.6397,429,0.63971
ENSG00000109971,HSPA8,570,0.40898,429,-0.4089
ENSG00000165478,HEPACAM,188,-1.1878,429,1.18782
ENSG00000149557,FEZ1,566,-2.0361,2322,2.03617
ENSG00000084234,APLP2,249,-1.9409,957,1.94091
ENSG00000182667,NTM,499,0.21789,429,-0.2178
ENSG00000109956,B3GAT1,189,-1.1777,429,1.17775
ENSG00000060237,WNK1,412,-1.8121,1449,1.81219
ENSG00000111640,GAPDH,2929,0.30212,2376,-0.3021
ENSG00000111642,CHD4,227,-2.6881,1464,2.68815
ENSG00000089693,MLF2,291,-0.5593,429,0.55933
ENSG00000111669,TPI1,493,0.19949,429,-0.1994
ENSG00000111674,ENO2,548,-2.2288,2571,2.22883
ENSG00000111678,C12orf57,227,-0.9156,429,0.91564
ENSG00000139182,CLSTN3,153,-1.4857,429,1.48579
ENSG00000175899,A2M,339,-0.3386,429,0.33866
ENSG00000139112,GABARAPL1,256,-0.7919,444,0.79199
ENSG00000178878,APOLD1,177,-1.2734,429,1.27345
ENSG00000023734,STRAP,198,-1.1113,429,1.11134
ENSG00000111716,LDHB,699,0.70407,429,-0.7040
ENSG00000111726,CMAS,179,-1.2596,429,1.25969
ENSG00000123095,BHLHE41,205,-1.0661,429,1.06613
ENSG00000123106,CCDC91,152,-1.4979,429,1.49792
ENSG00000087470,DNM1L,180,-1.2513,429,1.25136
ENSG00000139116,KIF21A,535,-2.1759,2421,2.17596
ENSG00000018236,CNTN1,290,-0.5631,429,0.56312
ENSG00000139168,ZCRB1,279,-0.6196,429,0.61961
ENSG00000111371,SLC38A1,231,-0.8922,429,0.89221
ENSG00000134294,SLC38A2,164,-3.1957,1510,3.19574
ENSG00000211584,SLC48A1,249,-0.7822,429,0.78222
ENSG00000134287,ARF3,273,-0.6494,429,0.64946
ENSG00000123416,TUBA1B,1833,-0.4568,2516,0.45686
ENSG00000167552,TUBA1A,1928,0.39368,1467,-0.3936
ENSG00000139644,TMBIM6,925,1.10712,429,-1.1071
ENSG00000135472,FAIM2,449,0.06655,429,-0.0665
ENSG00000185432,METTL7A,275,-0.6392,429,0.63925
ENSG00000183283,DAZAP2,239,-0.8397,429,0.83977
ENSG00000063046,EIF4B,218,-0.9719,429,0.97198
ENSG00000167778,SPRYD3,262,-1.0752,553,1.07525
ENSG00000123349,PFDN5,540,0.33177,429,-0.3317
ENSG00000197111,PCBP2,309,-0.4709,429,0.47095
ENSG00000135390,ATP5MC2,196,-1.1315,429,1.13157
ENSG00000094916,CBX5,192,-4.0498,3186,4.04985
ENSG00000135486,HNRNPA1,334,-0.3590,429,0.35905
ENSG00000135441,BLOC1S1,241,-0.8322,429,0.83221
ENSG00000135404,CD63,495,-1.6101,1511,1.61011
ENSG00000111540,RAB5B,147,-1.5407,429,1.54074
ENSG00000197728,RPS26,871,1.02086,429,-1.0208
ENSG00000229117,RPL41,1947,2.18119,429,-2.1811
ENSG00000092841,MYL6,456,0.08663,429,-0.0866
ENSG00000110955,ATP5F1B,510,0.24918,429,-0.2491
ENSG00000110958,PTGES3,526,0.29335,429,-0.2933
ENSG00000196531,NACA,692,0.17737,611,-0.1773
ENSG00000123384,LRP1,180,-1.2470,429,1.24702
ENSG00000155980,KIF5A,212,-1.0180,429,1.01808
ENSG00000080371,RAB21,157,-1.4484,429,1.44841
ENSG00000253719,ATXN7L3B,167,-1.3612,429,1.36128
ENSG00000187109,NAP1L1,611,-0.5519,896,0.55191
ENSG00000067715,SYT1,585,0.44661,429,-0.4466
ENSG00000058272,PPP1R12A,167,-1.3589,429,1.35899
ENSG00000070961,ATP2B1,149,-1.5234,429,1.52341
ENSG00000177889,UBE2N,135,-3.4638,1490,3.46382
ENSG00000111142,METAP2,190,-1.1707,429,1.17076
ENSG00000075415,SLC25A3,319,-0.4272,429,0.42723
ENSG00000185046,ANKS1B,374,-0.1977,429,0.19775
ENSG00000166598,HSP90B1,689,0.68362,429,-0.6836
ENSG00000174437,ATP2A2,246,-0.8035,429,0.80354
ENSG00000111275,ALDH2,363,-0.2410,429,0.24101
ENSG00000089009,RPL6,744,0.79315,429,-0.7931
ENSG00000179295,PTPN11,175,-1.2909,429,1.29091
ENSG00000176871,WSB2,193,-1.1477,429,1.14776
ENSG00000089220,PEBP1,1832,0.09675,1713,-0.0967
ENSG00000089157,RPLP0,443,0.04639,429,-0.0463
ENSG00000111775,COX6A1,990,1.20461,429,-1.2046
ENSG00000088986,DYNLL1,598,-1.3259,1499,1.32597
ENSG00000182196,ARL6IP4,190,-1.1721,429,1.17216
ENSG00000111328,CDK2AP1,364,-0.2375,429,0.23751
ENSG00000119242,CCDC92,276,-3.6051,3360,3.60519
ENSG00000150991,UBC,1318,-1.2642,3167,1.26427
ENSG00000132341,RAN,268,-2.7450,1798,2.74509
ENSG00000196199,MPHOSPH8,325,-0.4013,429,0.40138
ENSG00000150459,SAP18,346,-3.3216,3464,3.32161
ENSG00000165566,AMER2,156,-1.4531,429,1.45315
ENSG00000132970,WASF3,184,-4.1670,3316,4.16702
ENSG00000122026,RPL21,1351,-0.5885,2032,0.58855
ENSG00000132963,POMP,154,-1.4758,429,1.47586
ENSG00000122042,UBL3,326,-0.3966,429,0.39664
ENSG00000189403,HMGB1,626,0.54507,429,-0.5450
ENSG00000120694,HSPH1,259,-0.7265,429,0.72650
ENSG00000133083,DCLK1,296,-2.2886,1448,2.28862
ENSG00000133104,SPART,187,-1.1972,429,1.19728
ENSG00000165572,KBTBD6,146,-1.5550,429,1.55502
ENSG00000023516,AKAP11,210,-1.0303,429,1.03033
ENSG00000102804,TSC22D1,401,-0.0957,429,0.09579
ENSG00000133112,TPT1,1936,2.17279,429,-2.1727
ENSG00000123200,ZC3H13,255,-0.7498,429,0.74986
ENSG00000136156,ITM2B,783,-1.5316,2266,1.53164
ENSG00000118946,PCDH17,283,-2.9925,2258,2.99251
ENSG00000184226,PCDH9,569,-1.3082,1410,1.30824
ENSG00000188243,COMMD6,198,-1.1106,429,1.11065
ENSG00000005810,MYCBP2,130,-1.7207,429,1.72070
ENSG00000139737,SLAIN1,258,-2.5351,1497,2.53514
ENSG00000136160,EDNRB,217,-0.9844,429,0.98444
ENSG00000139746,RBM26,184,-1.2182,429,1.21823
ENSG00000139793,MBNL2,230,-0.8948,429,0.89488
ENSG00000134884,ARGLU1,157,-1.4427,429,1.44275
ENSG00000185950,IRS2,209,-2.7591,1414,2.75918
ENSG00000185896,LAMP1,257,-0.7384,429,0.73849
ENSG00000129538,RNASE1,173,-1.3106,429,1.31060
ENSG00000165795,NDRG2,1641,1.93413,429,-1.9341
ENSG00000092199,HNRNPC,305,-0.4915,429,0.49155
ENSG00000129562,DAD1,164,-1.3833,429,1.38333
ENSG00000100804,PSMB5,243,-0.8161,429,0.81617
ENSG00000092096,SLC22A17,808,-0.2815,982,0.28156
ENSG00000129559,NEDD8,181,-1.2427,429,1.24278
ENSG00000139910,NOVA1,308,-0.4782,429,0.47828
ENSG00000100852,ARHGAP5,278,-0.6252,429,0.62521
ENSG00000151320,AKAP6,149,-1.5198,429,1.51984
ENSG00000151327,FAM177A1,149,-1.5257,429,1.52579
ENSG00000100934,SEC23A,165,-1.3715,429,1.37151
ENSG00000213741,RPS29,1160,1.25110,487,-1.2511
ENSG00000165502,RPL36AL,209,-1.0365,429,1.03652
ENSG00000165525,NEMF,301,-0.5098,429,0.50984
ENSG00000282885,AL627171.2,1198,-0.4908,1684,0.49087
ENSG00000198513,ATL1,158,-3.2719,1528,3.27196
ENSG00000197045,GMFB,223,-0.9415,429,0.94150
ENSG00000020577,SAMD4A,169,-1.3451,429,1.34519
ENSG00000126777,KTN1,373,-0.2017,429,0.20172
ENSG00000139970,RTN1,534,0.31581,429,-0.3158
ENSG00000100644,HIF1A,176,-1.2841,429,1.28414
ENSG00000126803,HSPA2,270,-0.6683,429,0.66835
ENSG00000100554,ATP6V1D,182,-1.2313,429,1.23130
ENSG00000072042,RDH11,305,-2.2817,1485,2.28178
ENSG00000185650,ZFP36L1,169,-1.3405,429,1.34059
ENSG00000119707,RBM25,197,-1.1234,429,1.12346
ENSG00000119711,ALDH6A1,176,-1.2806,429,1.28067
ENSG00000119655,NPC2,201,-1.0924,429,1.09244
ENSG00000170348,TMED10,228,-0.9125,429,0.91250
ENSG00000119705,SLIRP,192,-1.1603,429,1.16033
ENSG00000021645,NRXN3,174,-1.2997,429,1.29970
ENSG00000100764,PSMC1,167,-3.1791,1514,3.17914
ENSG00000198668,CALM1,2205,2.36059,429,-2.3605
ENSG00000183648,NDUFB1,306,-0.4859,429,0.48594
ENSG00000100605,ITPK1,266,-0.6872,429,0.68722
ENSG00000165943,MOAP1,218,-2.7302,1452,2.73026
ENSG00000089737,DDX24,450,0.06751,429,-0.0675
ENSG00000165949,IFI27,326,-0.3947,429,0.39477
ENSG00000119632,IFI27L2,198,-1.1130,429,1.11309
ENSG00000227051,C14orf132,196,-1.1251,429,1.12516
ENSG00000196405,EVL,166,-1.3654,429,1.36541
ENSG00000214548,MEG3,591,0.46106,429,-0.4610
ENSG00000078304,PPP2R5C,170,-1.3350,429,1.33505
ENSG00000197102,DYNC1H1,461,0.10264,429,-0.1026
ENSG00000080824,HSP90AA1,7161,1.06731,3417,-1.0673
ENSG00000100664,EIF5,362,-0.2461,429,0.24610
ENSG00000166165,CKB,1152,-0.9555,2235,0.95559
ENSG00000126214,KLC1,604,-1.2730,1460,1.27300
ENSG00000156411,ATP5MPL,372,-0.2044,429,0.20441
ENSG00000203485,INF2,208,-1.0405,429,1.04057
ENSG00000179364,PACS2,271,-0.6591,429,0.65917
ENSG00000182809,CRIP2,183,-3.0213,1489,3.02134
ENSG00000170113,NIPA1,157,-1.4480,429,1.44804
ENSG00000182636,NDN,216,-0.9883,429,0.98835
ENSG00000128739,SNRPN,569,-2.6534,3585,2.65348
ENSG00000224078,SNHG14,850,0.98452,429,-0.9845
ENSG00000114062,UBE3A,158,-1.4355,429,1.43557
ENSG00000166922,SCG5,187,-1.1949,429,1.19490
ENSG00000140319,SRP14,560,-1.3937,1472,1.39378
ENSG00000247556,OIP5-AS1,290,-0.5640,429,0.56409
ENSG00000137815,RTF1,140,-3.3782,1455,3.37821
ENSG00000092529,CAPN3,190,-1.1756,429,1.17562
ENSG00000103994,ZNF106,122,-3.0484,1016,3.04848
ENSG00000128881,TTBK2,132,-1.6988,429,1.69880
ENSG00000166963,MAP1A,888,1.04668,430,-1.0466
ENSG00000167004,PDIA3,162,-1.4025,429,1.40258
ENSG00000140264,SERF2,769,0.84203,429,-0.8420
ENSG00000166734,CASC4,149,-1.5273,429,1.52731
ENSG00000104131,EIF3J,170,-1.3376,430,1.33761
ENSG00000166710,B2M,902,0.48521,644,-0.4852
ENSG00000171766,GATM,375,-0.1921,429,0.19211
ENSG00000255302,EID1,337,-0.3480,429,0.34806
ENSG00000138593,SECISBP2L,229,-0.9027,429,0.90272
ENSG00000138592,USP8,203,-1.0745,429,1.07452
ENSG00000104112,SCG3,224,-0.9353,429,0.93532
ENSG00000197535,MYO5A,156,-1.4592,429,1.45921
ENSG00000128989,ARPP19,553,0.36600,429,-0.3660
ENSG00000128923,MINDY2,135,-1.6686,429,1.66862
ENSG00000137776,SLTM,204,-1.0703,429,1.07038
ENSG00000185088,RPS27L,155,-1.4652,429,1.46525
ENSG00000074696,HACD3,256,-0.7454,429,0.74544
ENSG00000103769,RAB11A,208,-1.0394,429,1.03947
ENSG00000174444,RPL4,819,0.05277,789,-0.0527
ENSG00000140350,ANP32A,160,-1.4172,429,1.41727
ENSG00000137818,RPLP1,1982,2.20692,429,-2.2069
ENSG00000067225,PKM,767,0.83816,429,-0.8381
ENSG00000156642,NPTN,172,-3.3670,1776,3.36703
ENSG00000178741,COX5A,195,-1.1385,429,1.13854
ENSG00000198794,SCAMP5,228,-0.9117,429,0.91170
ENSG00000117906,RCN2,225,-3.3641,2326,3.36416
ENSG00000140391,TSPAN3,549,0.35574,429,-0.3557
ENSG00000140403,DNAJA4,150,-4.5024,3418,4.50245
ENSG00000041357,PSMA4,199,-1.1036,429,1.10360
ENSG00000185787,MORF4L1,924,-2.1693,4156,2.16931
ENSG00000182774,RPS17,546,0.34483,430,-0.3448
ENSG00000166503,HDGFL3,144,-1.5709,429,1.57096
ENSG00000182054,IDH2,147,-1.5450,429,1.54500
ENSG00000182768,NGRN,349,-0.2975,429,0.29756
ENSG00000182253,SYNM,180,-1.2516,429,1.25165
ENSG00000188536,HBA2,557,0.37752,429,-0.3775
ENSG00000242173,ARHGDIG,187,-3.0063,1506,3.00632
ENSG00000103266,STUB1,160,-1.4169,429,1.41694
ENSG00000103260,METRN,602,-1.1186,1308,1.11867
ENSG00000005513,SOX8,153,-1.4852,429,1.48525
ENSG00000007516,BAIAP3,230,-0.8950,429,0.89500
ENSG00000138834,MAPK8IP3,240,-3.2585,2299,3.25851
ENSG00000140990,NDUFB10,182,-2.9238,1387,2.92380
ENSG00000140988,RPS2,745,0.79607,429,-0.7960
ENSG00000127561,SYNGR3,268,-2.4954,1514,2.49544
ENSG00000185883,ATP6V0C,786,-0.8934,1460,0.89342
ENSG00000167978,SRRM2,182,-1.2332,429,1.23322
ENSG00000103363,ELOB,506,0.23693,429,-0.2369
ENSG00000103145,HCFC1R1,321,-0.4167,429,0.41671
ENSG00000089486,CDIP1,271,-0.6636,429,0.66362
ENSG00000183044,ABAT,277,-0.6306,429,0.63069
ENSG00000166780,BMERB1,177,-1.2759,429,1.27592
ENSG00000134419,RPS15A,505,0.23486,429,-0.2348
ENSG00000170540,ARL6IP1,548,0.35226,429,-0.3522
ENSG00000167191,GPRC5B,614,0.51596,429,-0.5159
ENSG00000090905,TNRC6A,151,-1.5073,429,1.50735
ENSG00000176046,NUPR1,202,-1.1175,438,1.11755
ENSG00000178952,TUFM,190,-1.1749,429,1.17492
ENSG00000174938,SEZ6L2,353,-3.5948,4276,3.59486
ENSG00000149932,TMEM219,162,-1.4026,429,1.40269
ENSG00000090238,YPEL3,174,-1.2961,429,1.29614
ENSG00000102882,MAPK3,186,-2.6939,1209,2.69398
ENSG00000099365,STX1B,150,-1.5122,429,1.51229
ENSG00000069329,VPS35,343,-0.3243,429,0.32439
ENSG00000103546,SLC6A2,312,-0.4592,429,0.45920
ENSG00000087258,GNAO1,428,-1.2550,1023,1.25508
ENSG00000087250,MT3,2027,2.23906,429,-2.2390
ENSG00000125148,MT2A,1236,0.08740,1163,-0.0874
ENSG00000169715,MT1E,704,0.71400,429,-0.7140
ENSG00000205364,MT1M,256,-0.7439,429,0.74393
ENSG00000125144,MT1G,178,-1.2668,429,1.26681
ENSG00000187193,MT1X,259,-0.7262,429,0.72622
ENSG00000103034,NDRG4,548,-1.4273,1475,1.42734
ENSG00000135720,DYNC1LI2,346,-0.3113,429,0.31134
ENSG00000159713,TPPP3,221,-3.5551,2608,3.55518
ENSG00000159720,ATP6V0D1,239,-0.8428,429,0.84284
ENSG00000132612,VPS4A,192,-2.8488,1383,2.84884
ENSG00000172137,CALB2,274,-0.6624,433,0.66247
ENSG00000090863,GLG1,183,-1.2242,429,1.22427
ENSG00000034713,GABARAPL2,402,-1.8611,1462,1.86113
ENSG00000166848,TERF2IP,466,0.11946,429,-0.1194
ENSG00000171724,VAT1L,261,-2.5415,1520,2.54154
ENSG00000140905,GCSH,166,-1.3646,429,1.36460
ENSG00000153815,CMIP,144,-1.5742,429,1.57422
ENSG00000230989,HSBP1,322,-0.4142,429,0.41427
ENSG00000131143,COX4I1,850,0.98554,429,-0.9855
ENSG00000140941,MAP1LC3B,254,-0.7559,429,0.75590
ENSG00000167522,ANKRD11,185,-1.2145,429,1.21456
ENSG00000167526,RPL13,1619,1.91454,429,-1.9145
ENSG00000141002,TCF25,215,-0.9974,429,0.99744
ENSG00000258947,TUBB3,577,0.42750,429,-0.4275
ENSG00000159842,ABR,149,-3.3182,1488,3.31824
ENSG00000108953,YWHAE,929,-0.0021,930,0.00211
ENSG00000167193,CRK,179,-1.2600,429,1.26001
ENSG00000007168,PAFAH1B1,304,-0.4965,429,0.49654
ENSG00000108518,PFN1,252,-0.7670,429,0.76704
ENSG00000129250,KIF1C,150,-1.5137,429,1.51372
ENSG00000029725,RABEP1,171,-1.3211,429,1.32112
ENSG00000108561,C1QBP,180,-1.2473,429,1.24732
ENSG00000219200,RNASEK,444,0.04831,429,-0.0483
ENSG00000170296,GABARAP,549,0.35422,429,-0.3542
ENSG00000132507,EIF5A,222,-2.6082,1354,2.60825
ENSG00000161960,EIF4A1,362,-0.2454,429,0.24547
ENSG00000129245,FXR2,154,-1.4763,429,1.47634
ENSG00000129244,ATP1B2,500,-0.0133,505,0.01330
ENSG00000183011,NAA38,212,-1.0139,429,1.01395
ENSG00000220205,VAMP2,476,0.15001,429,-0.1500
ENSG00000161970,RPL26,826,0.94368,429,-0.9436
ENSG00000109099,PMP22,294,-0.5459,429,0.54596
ENSG00000141027,NCOR1,301,-0.5120,429,0.51201
ENSG00000170315,UBB,1578,1.87788,429,-1.8778
ENSG00000175061,SNHG29,203,-1.0799,429,1.07999
ENSG00000133030,MPRIP,164,-1.3811,429,1.38112
ENSG00000124422,USP22,375,-0.1945,429,0.19450
ENSG00000256618,MTRNR2L1,381,-0.1715,429,0.17150
ENSG00000109046,WSB1,250,-0.7786,429,0.77862
ENSG00000109107,ALDOC,973,1.17992,429,-1.1799
ENSG00000198242,RPL23A,600,0.48462,429,-0.4846
ENSG00000006125,AP2B1,251,-0.7734,429,0.77347
ENSG00000277363,SRCIN1,175,-1.2892,429,1.28927
ENSG00000276293,PIP4K2B,182,-1.2322,429,1.23225
ENSG00000125691,RPL23,562,0.38917,429,-0.3891
ENSG00000108298,RPL19,940,1.13127,429,-1.1312
ENSG00000126351,THRA,201,-1.0882,429,1.08829
ENSG00000108349,CASC3,161,-1.4098,429,1.40987
ENSG00000173812,EIF1,1153,-0.9396,2212,0.93968
ENSG00000173786,CNP,1208,1.49206,429,-1.4920
ENSG00000168259,DNAJC7,204,-1.0714,429,1.07142
ENSG00000033627,ATP6V0A1,327,-0.3909,429,0.39092
ENSG00000131469,RPL27,603,-1.2719,1457,1.27190
ENSG00000108828,VAT1,436,0.02476,429,-0.0247
ENSG00000108830,RND2,168,-1.3505,429,1.35050
ENSG00000108309,RUNDC3A,156,-1.4582,429,1.45821
ENSG00000131095,GFAP,12450,4.78644,451,-4.7864
ENSG00000186868,MAPT,401,-0.0987,429,0.09872
ENSG00000073969,NSF,331,-2.1088,1429,2.10889
ENSG00000108424,KPNB1,279,-0.6175,429,0.61752
ENSG00000082641,NFE2L1,248,-2.6013,1505,2.60135
ENSG00000159202,UBE2Z,158,-1.6998,513,1.69989
ENSG00000154945,ANKRD40,169,-1.3422,429,1.34223
ENSG00000108848,LUC7L3,379,-0.1775,429,0.17758
ENSG00000008294,SPAG9,239,-0.8412,429,0.84129
ENSG00000243678,NME2,305,-0.4893,429,0.48934
ENSG00000264364,DYNLL2,571,0.41228,429,-0.4122
ENSG00000108387,SEPTIN4,483,0.16946,429,-0.1694
ENSG00000141367,CLTC,385,-2.3409,1953,2.34092
ENSG00000008283,CYB561,284,-2.4186,1523,2.41867
ENSG00000087191,PSMC5,242,-0.8228,429,0.82284
ENSG00000266402,SNHG25,176,-1.2804,429,1.28049
ENSG00000108654,DDX5,390,-0.1372,429,0.13728
ENSG00000154229,PRKCA,211,-1.0233,429,1.02331
ENSG00000171634,BPTF,211,-1.0188,429,1.01887
ENSG00000108946,PRKAR1A,449,-1.6923,1451,1.69238
ENSG00000172809,RPL38,1035,1.26943,429,-1.2694
ENSG00000141540,TTYH2,256,-0.7454,429,0.74543
ENSG00000188612,SUMO2,220,-0.9629,429,0.96292
ENSG00000132475,H3F3B,352,-0.2852,429,0.28526
ENSG00000132471,WBP2,472,0.13701,429,-0.1370
ENSG00000182534,MXRA7,237,-0.8568,429,0.85684
ENSG00000035862,TIMP2,386,-2.5849,2316,2.58499
ENSG00000108679,LGALS3BP,204,-1.0681,429,1.06811
ENSG00000181409,AATK,234,-0.8745,429,0.87450
ENSG00000184009,ACTG1,1061,-0.4526,1452,0.45265
ENSG00000225663,MCRIP1,147,-1.5380,429,1.53801
ENSG00000185624,P4HB,205,-1.0642,429,1.06423
ENSG00000141522,ARHGDIA,279,-0.6219,429,0.62191
ENSG00000197063,MAFG,153,-1.4808,429,1.48081
ENSG00000169738,DCXR,162,-3.1945,1489,3.19455
ENSG00000169710,FASN,199,-1.1065,429,1.10650
ENSG00000118680,MYL12B,155,-1.4703,429,1.47037
ENSG00000082397,EPB41L3,221,-2.7875,1525,2.78756
ENSG00000101745,ANKRD12,498,0.21635,429,-0.2163
ENSG00000017797,RALBP1,162,-3.2227,1518,3.22279
ENSG00000168461,RAB31,132,-1.6951,429,1.69517
ENSG00000101558,VAPA,313,-0.4556,429,0.45568
ENSG00000171885,AQP4,910,1.08347,429,-1.0834
ENSG00000134769,DTNA,281,-0.6101,429,0.61011
ENSG00000166974,MAPRE2,274,-2.2930,1346,2.29303
ENSG00000134779,TPGS2,141,-1.6017,429,1.60178
ENSG00000101489,CELF4,537,0.32309,429,-0.3230
ENSG00000132872,SYT4,449,0.06443,430,-0.0644
ENSG00000152234,ATP5F1A,429,-2.4073,2277,2.40738
ENSG00000177576,C18orf32,340,-0.3356,429,0.33566
ENSG00000265681,RPL17,1206,1.48936,429,-1.4893
ENSG00000196628,TCF4,260,-0.7210,429,0.72107
ENSG00000166562,SEC11C,196,-1.1317,429,1.13177
ENSG00000119537,KDSR,178,-1.2683,429,1.26838
ENSG00000150656,CNDP1,344,-0.3175,429,0.31755
ENSG00000197971,MBP,14377,4.60124,592,-4.6012
ENSG00000141759,TXNL4A,183,-1.2290,429,1.22903
ENSG00000172270,BSG,469,0.12906,429,-0.1290
ENSG00000099822,HCN2,132,-1.6923,429,1.69230
ENSG00000099864,PALM,180,-1.2512,429,1.25129
ENSG00000167468,GPX4,641,0.57869,429,-0.5786
ENSG00000099624,ATP5F1D,352,-0.2858,429,0.28581
ENSG00000099622,CIRBP,304,-0.4947,429,0.49479
ENSG00000115286,NDUFS7,240,-0.8349,429,0.83491
ENSG00000115268,RPS15,1197,-0.0290,1221,0.02909
ENSG00000127540,UQCR11,496,-1.5722,1476,1.57222
ENSG00000129968,ABHD17A,205,-1.0646,429,1.06462
ENSG00000065000,AP3D1,152,-1.4956,429,1.49560
ENSG00000104904,OAZ1,434,-2.5517,2548,2.55174
ENSG00000176533,GNG7,244,-0.8112,429,0.81127
ENSG00000104964,TLE5,560,0.38458,429,-0.3845
ENSG00000141905,NFIC,229,-0.9046,429,0.90468
ENSG00000167654,ATCAY,156,-1.4541,429,1.45415
ENSG00000167658,EEF2,693,0.69118,429,-0.6911
ENSG00000178951,ZBTB7A,229,-0.9010,429,0.90107
ENSG00000126934,MAP2K2,255,-0.7468,429,0.74680
ENSG00000130255,RPL36,961,1.16335,429,-1.1633
ENSG00000174917,MICOS13,207,-1.0469,429,1.04693
ENSG00000174886,NDUFA11,286,-0.5839,429,0.58394
ENSG00000125648,SLC25A23,222,-0.9473,429,0.94736
ENSG00000104833,TUBB4A,987,1.20069,429,-1.2006
ENSG00000181029,TRAPPC5,177,-1.2775,429,1.27754
ENSG00000233927,RPS28,1306,0.17399,1158,-0.1739
ENSG00000185236,RAB11B,186,-1.1998,429,1.19984
ENSG00000198258,UBL5,311,-0.4625,429,0.46254
ENSG00000127445,PIN1,286,-2.3624,1470,2.36240
ENSG00000129355,CDKN2D,175,-1.2909,429,1.29091
ENSG00000105520,PLPPR2,164,-1.3859,429,1.38597
ENSG00000196361,ELAVL3,588,0.45485,429,-0.4548
ENSG00000105583,WDR83OS,185,-1.2143,429,1.21431
ENSG00000105576,TNPO2,148,-1.5307,429,1.53078
ENSG00000123144,TRIR,171,-1.3246,429,1.32468
ENSG00000167815,PRDX2,532,-3.0966,4553,3.09668
ENSG00000179218,CALR,359,-0.2567,429,0.25671
ENSG00000179271,GADD45GIP1,186,-1.2027,429,1.20276
ENSG00000008441,NFIX,180,-1.2481,429,1.24819
ENSG00000072062,PRKACA,158,-1.4346,429,1.43467
ENSG00000072071,ADGRL1,155,-1.4658,429,1.46582
ENSG00000132002,DNAJB1,214,-1.0020,429,1.00209
ENSG00000099797,TECR,287,-0.5791,429,0.57910
ENSG00000099795,NDUFB7,385,-0.1554,429,0.15543
ENSG00000141867,BRD4,223,-0.9407,429,0.94079
ENSG00000127528,KLF2,128,-1.7459,429,1.74597
ENSG00000105640,RPL18A,597,0.47608,429,-0.4760
ENSG00000099308,MAST3,165,-1.3740,429,1.37409
ENSG00000130522,JUND,523,0.28555,429,-0.2855
ENSG00000105701,FKBP8,222,-2.6410,1386,2.64100
ENSG00000221983,UBA52,872,1.02249,429,-1.0224
ENSG00000105696,TMEM59L,280,-0.6121,429,0.61215
ENSG00000105669,COPE,170,-1.3305,429,1.33050
ENSG00000186010,NDUFA13,540,0.33115,429,-0.3311
ENSG00000105220,GPI,369,-0.2174,429,0.21742
ENSG00000266964,FXYD1,197,-1.1173,429,1.11734
ENSG00000105695,MAG,446,-1.7702,1523,1.77029
ENSG00000126267,COX6B1,300,-0.5170,429,0.51702
ENSG00000105290,APLP1,1109,-0.4061,1470,0.40618
ENSG00000105270,CLIP3,496,-2.2153,2306,2.21537
ENSG00000105258,POLR2I,237,-0.8527,429,0.85272
ENSG00000105254,TBCB,440,-1.8526,1590,1.85265
ENSG00000126247,CAPNS1,345,-0.3147,429,0.31470
ENSG00000167642,SPINT2,185,-1.2086,429,1.20863
ENSG00000167641,PPP1R14A,527,0.29619,429,-0.2961
ENSG00000178982,EIF3K,188,-1.1894,429,1.18947
ENSG00000130402,ACTN4,346,-0.3110,429,0.31107
ENSG00000068903,SIRT2,517,0.26766,429,-0.2676
ENSG00000105193,RPS16,719,0.72867,433,-0.7286
ENSG00000105223,PLD3,510,-1.1193,1107,1.11935
ENSG00000105372,RPS19,855,0.99431,429,-0.9943
ENSG00000105404,RABAC1,319,-0.4270,429,0.42707
ENSG00000105409,ATP1A3,261,-4.0139,4220,4.01399
ENSG00000105767,CADM4,217,-0.9830,429,0.98307
ENSG00000130203,APOE,1633,1.34821,641,-1.3482
ENSG00000125746,EML2,151,-3.3304,1524,3.33043
ENSG00000125743,SNRPD2,222,-0.9462,429,0.94621
ENSG00000182013,PNMA8A,228,-0.9088,429,0.90885
ENSG00000204851,PNMA8B,224,-3.9924,3578,3.99243
ENSG00000160014,CALM3,651,-1.7856,2247,1.78569
ENSG00000160007,ARHGAP35,205,-1.0610,429,1.06109
ENSG00000105402,NAPA,198,-1.1138,429,1.11382
ENSG00000105373,NOP53,164,-1.3853,429,1.38539
ENSG00000178980,SELENOW,979,1.18964,429,-1.1896
ENSG00000063177,RPL18,741,-0.4343,1002,0.43435
ENSG00000087086,FTL,2496,2.53896,429,-2.5389
ENSG00000142541,RPL13A,1306,1.60507,429,-1.6050
ENSG00000142534,RPS11,868,0.08718,817,-0.0871
ENSG00000104960,PTOV1,231,-0.8919,429,0.89198
ENSG00000131409,LRRC4B,172,-1.3186,429,1.31865
ENSG00000105379,ETFB,160,-1.4169,429,1.41698
ENSG00000105568,PPP2R1A,523,0.28454,429,-0.2845
ENSG00000170906,NDUFA3,485,0.17558,429,-0.1755
ENSG00000125505,MBOAT7,275,-0.6430,429,0.64308
ENSG00000170889,RPS9,760,-0.7367,1267,0.73677
ENSG00000167614,TTYH1,547,0.35075,429,-0.3507
ENSG00000108107,RPL28,1404,1.70948,429,-1.7094
ENSG00000198300,PEG3,787,0.87392,429,-0.8739
ENSG00000083845,RPS5,486,0.17912,429,-0.1791
ENSG00000130725,UBE2M,278,-0.6263,429,0.62638
ENSG00000132670,PTPRA,296,-0.5376,429,0.53769
ENSG00000171867,PRNP,742,-0.8733,1360,0.87332
ENSG00000101265,RASSF2,256,-0.7430,429,0.74300
ENSG00000089063,TMEM230,221,-0.9561,429,0.95612
ENSG00000101290,CDS2,175,-1.2888,429,1.28886
ENSG00000125827,TMX4,228,-3.4934,2575,3.49342
ENSG00000132639,SNAP25,858,-1.3522,2192,1.35224
ENSG00000125868,DSTN,487,0.18058,430,-0.1805
ENSG00000125814,NAPB,408,-0.0729,429,0.07295
ENSG00000101439,CST3,2593,2.59217,430,-2.5921
ENSG00000100994,PYGB,260,-0.7240,429,0.72409
ENSG00000101400,SNTA1,207,-1.0487,429,1.04871
ENSG00000125977,EIF2S2,268,-0.6786,429,0.67862
ENSG00000125971,DYNLRB1,351,-0.2882,429,0.28826
ENSG00000101460,MAP1LC3A,323,-0.4091,429,0.40911
ENSG00000078804,TP53INP2,198,-1.1159,429,1.11597
ENSG00000131051,RBM39,254,-2.6649,1612,2.66491
ENSG00000260032,NORAD,879,-1.3401,2226,1.34014
ENSG00000088367,EPB41L1,173,-1.3130,430,1.31303
ENSG00000166619,BLCAP,325,-0.4017,429,0.40173
ENSG00000132824,SERINC3,333,-0.3654,429,0.36544
ENSG00000166913,YWHAB,1218,1.50369,429,-1.5036
ENSG00000124145,SDC4,182,-1.2328,429,1.23280
ENSG00000244274,DBNDD2,583,0.44143,429,-0.4414
ENSG00000177410,ZFAS1,143,-1.5861,429,1.58615
ENSG00000054793,ATP9A,203,-1.0742,429,1.07423
ENSG00000064787,BCAS1,868,1.01650,429,-1.0165
ENSG00000022277,RTF2,178,-1.2707,429,1.27073
ENSG00000256222,MTRNR2L3,124,-1.7899,429,1.78990
ENSG00000124225,PMEPA1,138,-1.6376,429,1.63763
ENSG00000087460,GNAS,3084,2.84259,430,-2.8425
ENSG00000124172,ATP5F1E,1043,1.28064,429,-1.2806
ENSG00000101182,PSMA7,260,-0.7226,429,0.72267
ENSG00000171858,RPS21,799,0.89678,429,-0.8967
ENSG00000101210,EEF1A2,331,-0.3753,429,0.37539
ENSG00000125534,PPDPF,238,-0.8515,429,0.85157
ENSG00000197457,STMN3,305,-0.4925,429,0.49252
ENSG00000155304,HSPA13,141,-1.6031,429,1.60310
ENSG00000154723,ATP5PF,221,-0.9552,429,0.95525
ENSG00000142192,APP,565,0.39652,429,-0.3965
ENSG00000142168,SOD1,655,-2.3593,3365,2.35936
ENSG00000184221,OLIG1,185,-1.2106,429,1.21063
ENSG00000159140,SON,499,0.21869,429,-0.2186
ENSG00000205726,ITSN1,120,-1.9920,479,1.99203
ENSG00000241837,ATP5PO,308,-0.4763,429,0.47637
ENSG00000182670,TTC3,374,-0.1966,429,0.19668
ENSG00000160209,PDXK,221,-0.9546,429,0.95464
ENSG00000160213,CSTB,210,-1.0312,429,1.03126
ENSG00000141959,PFKL,157,-1.4508,429,1.45084
ENSG00000184900,SUMO3,236,-0.8597,429,0.85971
ENSG00000183255,PTTG1IP,215,-0.9959,429,0.99596
ENSG00000160307,S100B,2550,2.57015,429,-2.5701
ENSG00000160310,PRMT2,315,-0.4454,429,0.44549
ENSG00000131100,ATP6V1E1,351,-0.2888,429,0.28889
ENSG00000184113,CLDN5,417,-0.0397,429,0.03974
ENSG00000185651,UBE2L3,184,-1.2190,429,1.21900
ENSG00000100030,MAPK1,288,-2.3123,1432,2.31236
ENSG00000250479,CHCHD10,276,-0.6334,429,0.63341
ENSG00000240972,MIF,1021,-0.5213,1465,0.52135
ENSG00000100285,NEFH,351,-2.3888,1838,2.38882
ENSG00000184076,UQCR10,300,-0.5129,429,0.51290
ENSG00000198832,SELENOM,232,-0.8879,429,0.88799
ENSG00000128245,YWHAH,368,-0.2225,429,0.22259
ENSG00000100234,TIMP3,179,-1.2618,429,1.26186
ENSG00000100097,LGALS1,590,0.45962,429,-0.4596
ENSG00000100201,DDX17,387,-0.1486,429,0.14861
ENSG00000100242,SUN2,292,-0.5555,429,0.55552
ENSG00000183741,CBX6,115,-1.8947,429,1.89470
ENSG00000100316,RPL3,974,1.17647,431,-1.1764
ENSG00000100354,TNRC6B,222,-0.9460,429,0.94602
ENSG00000100380,ST13,388,-0.1442,429,0.14421
ENSG00000100387,RBX1,260,-0.7217,430,0.72170
ENSG00000100401,RANGAP1,218,-0.9754,429,0.97548
ENSG00000100412,ACO2,217,-2.7817,1494,2.78170
ENSG00000196419,XRCC6,169,-1.3438,429,1.34381
ENSG00000100138,SNU13,267,-0.6813,429,0.68130
ENSG00000100167,SEPTIN3,174,-1.2953,429,1.29530
ENSG00000100243,CYB5R3,253,-0.7585,429,0.75859
ENSG00000130540,SULT4A1,163,-4.3680,3385,4.36802
ENSG00000100364,KIAA0930,196,-1.1296,429,1.12962
ENSG00000219438,TAFA5,179,-1.2573,429,1.25733
ENSG00000100427,MLC1,214,-0.9984,429,0.99846
ENSG00000008735,MAPK8IP2,241,-0.8283,429,0.82831
ENSG00000169100,SLC25A6,246,-0.7996,429,0.79964
ENSG00000205542,TMSB4X,2957,2.78379,429,-2.7837
ENSG00000046653,GPM6B,2385,2.47341,429,-2.4734
ENSG00000184368,MAP7D2,178,-1.2642,429,1.26422
ENSG00000173674,EIF1AX,219,-2.3728,1139,2.37282
ENSG00000147027,TMEM47,194,-1.1398,429,1.13986
ENSG00000156298,TSPAN7,351,-0.2915,429,0.29151
ENSG00000165175,MID1IP1,184,-1.2162,429,1.21629
ENSG00000182220,ATP6AP2,179,-1.2560,429,1.25608
ENSG00000215301,DDX3X,164,-1.3809,429,1.38094
ENSG00000189221,MAOA,198,-2.9327,1515,2.93272
ENSG00000130985,UBA1,223,-3.0750,1880,3.07505
ENSG00000102226,USP11,319,-0.4254,429,0.42540
ENSG00000008056,SYN1,214,-0.9985,429,0.99854
ENSG00000102109,PCSK1N,686,0.67705,429,-0.6770
ENSG00000179222,MAGED1,285,-0.5893,429,0.58937
ENSG00000256045,MTRNR2L10,239,-3.2358,2258,3.23587
ENSG00000198034,RPS4X,767,0.83689,429,-0.8368
ENSG00000229807,XIST,317,-0.4369,429,0.43699
ENSG00000225470,JPX,151,-1.4994,429,1.49943
ENSG00000085224,ATRX,332,-0.3694,429,0.36943
ENSG00000131174,COX7B,313,-0.4541,429,0.45419
ENSG00000102144,PGK1,226,-0.9257,429,0.92574
ENSG00000131171,SH3BGRL,142,-1.5939,429,1.59391
ENSG00000186310,NAP1L3,255,-0.7470,429,0.74706
ENSG00000241343,RPL36A,522,-1.4221,1399,1.42210
ENSG00000184905,TCEAL2,284,-0.5952,429,0.59527
ENSG00000184515,BEX5,237,-0.8522,429,0.85229
ENSG00000133169,BEX1,360,-0.2518,429,0.25187
ENSG00000102409,BEX4,316,-0.4395,429,0.43956
ENSG00000133134,BEX2,216,-0.9914,429,0.99144
ENSG00000166681,BEX3,511,0.25312,429,-0.2531
ENSG00000133142,TCEAL4,242,-0.8229,429,0.82298
ENSG00000196507,TCEAL3,185,-1.2149,429,1.21496
ENSG00000123562,MORF4L2,418,-0.0361,429,0.03613
ENSG00000123560,PLP1,7156,4.05851,429,-4.0585
ENSG00000157514,TSC22D3,203,-1.0778,429,1.07782
ENSG00000077264,PAK3,256,-0.7417,429,0.74174
ENSG00000101856,PGRMC1,520,0.27791,429,-0.2779
ENSG00000198918,RPL39,983,-1.1955,2253,1.19551
ENSG00000125356,NDUFA1,285,-2.3980,1505,2.39801
ENSG00000005893,LAMP2,325,-0.3985,429,0.39850
ENSG00000101966,XIAP,168,-1.3511,429,1.35111
ENSG00000134590,RTL8C,357,-0.2663,429,0.26637
ENSG00000196972,SMIM10L2B,151,-1.5033,429,1.50332
ENSG00000022267,FHL1,212,-1.0133,429,1.01333
ENSG00000129682,FGF13,166,-1.3672,429,1.36727
ENSG00000203930,LINC00632,842,0.97181,429,-0.9718
ENSG00000010404,IDS,717,0.74070,429,-0.7407
ENSG00000185825,BCAP31,215,-0.9935,429,0.99356
ENSG00000147403,RPL10,796,0.89085,429,-0.8908
ENSG00000071553,ATP6AP1,225,-0.9299,429,0.92998
ENSG00000203879,GDI1,664,-1.9618,2587,1.96180
ENSG00000198888,MT-ND1,39590,2.86634,5429,-2.8663
ENSG00000198763,MT-ND2,50201,6.24598,661,-6.2459
ENSG00000228253,MT-ATP8,4311,3.32624,429,-3.3262
ENSG00000198899,MT-ATP6,65849,3.93785,4296,-3.9378
ENSG00000198938,MT-CO3,74515,7.15788,521,-7.1578
ENSG00000198840,MT-ND3,42280,3.20304,4591,-3.2030
ENSG00000212907,MT-ND4L,5936,3.78791,429,-3.7879
ENSG00000198886,MT-ND4,53683,5.25764,1403,-5.2576
ENSG00000198786,MT-ND5,13469,4.96080,432,-4.9608
ENSG00000198695,MT-ND6,485,0.17580,429,-0.1758
ENSG00000198727,MT-CYB,39510,4.20763,2138,-4.2076
