Feature ID,Feature Name,Feature count topic 1to2,Feature log2 fold change topic 1to2,Feature count topic 3to5,Feature log2 fold change topic 3to5
ENSG00000175756,AURKAIP1,352,0.99442,177,-0.9944
ENSG00000242485,MRPL20,235,0.01372,233,-0.0137
ENSG00000160075,SSU72,182,-0.4391,247,0.43918
ENSG00000078369,GNB1,556,0.89615,298,-0.8961
ENSG00000067606,PRKCZ,58,-2.2305,272,2.23053
ENSG00000158109,TPRG1L,156,-0.4701,217,0.47017
ENSG00000116254,CHD5,63,-1.6074,193,1.60748
ENSG00000116251,RPL22,753,0.58898,501,-0.5889
ENSG00000097021,ACOT7,123,-2.2985,605,2.29856
ENSG00000171735,CAMTA1,245,-0.8115,430,0.81151
ENSG00000116288,PARK7,367,-0.2888,448,0.28888
ENSG00000142599,RERE,146,-0.1362,161,0.13624
ENSG00000074800,ENO1,980,-0.0416,1009,0.04161
ENSG00000171603,CLSTN1,656,0.63472,422,-0.6347
ENSG00000054523,KIF1B,578,0.39455,439,-0.3945
ENSG00000116661,FBXO2,725,0.56010,491,-0.5601
ENSG00000011021,CLCN6,109,-0.4584,150,0.45847
ENSG00000159363,ATP13A2,98,-1.3755,255,1.37555
ENSG00000077549,CAPZB,140,-0.9588,273,0.95884
ENSG00000173436,MICOS10,146,-1.3680,376,1.36806
ENSG00000158747,NBL1,158,0.04647,153,-0.0464
ENSG00000162545,CAMK2N1,322,-0.4579,443,0.45799
ENSG00000158828,PINK1,217,-1.3679,560,1.36797
ENSG00000127483,HP1BP3,326,0.50103,230,-0.5010
ENSG00000075151,EIF4G3,199,0.31557,160,-0.3155
ENSG00000070831,CDC42,374,-0.0369,384,0.03697
ENSG00000142676,RPL11,938,0.93857,489,-0.9385
ENSG00000057757,PITHD1,143,-1.1764,325,1.17643
ENSG00000117614,SYF2,115,-0.1468,128,0.14689
ENSG00000117632,STMN1,700,-0.3899,918,0.38997
ENSG00000142669,SH3BGRL3,342,-0.0591,356,0.05914
ENSG00000198830,HMGN2,594,1.50885,208,-1.5088
ENSG00000090273,NUDC,624,1.74546,186,-1.7454
ENSG00000126709,IFI6,619,0.78326,360,-0.7832
ENSG00000117758,STX12,237,0.26362,198,-0.2636
ENSG00000126698,DNAJC8,371,0.56766,250,-0.5676
ENSG00000130770,ATP5IF1,357,-0.3625,459,0.36257
ENSG00000162512,SDC3,350,2.03927,85,-2.0392
ENSG00000134644,PUM1,213,-0.1981,244,0.19811
ENSG00000121766,ZCCHC17,3,-5.8582,219,5.85827
ENSG00000162517,PEF1,65,-0.8443,118,0.84439
ENSG00000184007,PTP4A2,79,-1.3691,205,1.36917
ENSG00000121774,KHDRBS1,383,1.41202,144,-1.4120
ENSG00000084623,EIF3I,160,-0.1066,173,0.10661
ENSG00000175130,MARCKSL1,875,1.82587,247,-1.8258
ENSG00000162521,RBBP4,309,1.09788,144,-1.0978
ENSG00000134684,YARS,103,-0.5237,148,0.52374
ENSG00000116560,SFPQ,172,0.18687,151,-0.1868
ENSG00000020129,NCDN,184,-0.6955,299,0.69559
ENSG00000126067,PSMB2,111,-1.0942,238,1.09427
ENSG00000116871,MAP7D1,274,0.16391,245,-0.1639
ENSG00000163875,MEAF6,57,-2.1433,256,2.14336
ENSG00000197982,C1orf122,594,0.88493,322,-0.8849
ENSG00000174574,AKIRIN1,117,-0.1547,130,0.15479
ENSG00000168653,NDUFS5,438,-0.1499,486,0.14995
ENSG00000127603,MACF1,458,1.47217,165,-1.4721
ENSG00000116983,HPCAL4,199,0.02830,195,-0.0283
ENSG00000131236,CAP1,181,-0.2383,213,0.23830
ENSG00000131238,PPT1,233,0.84166,130,-0.8416
ENSG00000117394,SLC2A1,89,-1.0118,179,1.01182
ENSG00000142949,PTPRF,371,1.43006,137,-1.4300
ENSG00000117410,ATP6V0B,269,-1.4128,718,1.41283
ENSG00000117419,ERI3,126,-1.0197,256,1.01972
ENSG00000187147,RNF220,166,0.41052,125,-0.4105
ENSG00000142937,RPS8,1457,1.10522,677,-1.1052
ENSG00000117450,PRDX1,1498,0.84902,831,-0.8490
ENSG00000173660,UQCRH,299,-1.1844,679,1.18440
ENSG00000123472,ATPAF1,185,0.40082,140,-0.4008
ENSG00000162368,CMPK1,153,-0.2672,184,0.26723
ENSG00000162374,ELAVL4,69,-2.4775,385,2.47757
ENSG00000123091,RNF11,290,-0.7482,488,0.74825
ENSG00000085832,EPS15,74,-1.1430,163,1.14308
ENSG00000169213,RAB3B,46,-3.0825,392,3.08258
ENSG00000162378,ZYG11B,155,-0.7842,268,0.78429
ENSG00000116209,TMEM59,388,0.78319,225,-0.7831
ENSG00000116133,DHCR24,414,0.56058,281,-0.5605
ENSG00000162407,PLPP3,655,1.50953,230,-1.5095
ENSG00000162599,NFIA,950,2.54954,162,-2.5495
ENSG00000162434,JAK1,192,0.42944,142,-0.4294
ENSG00000162433,AK4,294,1.22650,125,-1.2265
ENSG00000116675,DNAJC6,176,-1.8150,620,1.81502
ENSG00000142864,SERBP1,457,1.93614,119,-1.9361
ENSG00000162595,DIRAS3,201,-1.5987,609,1.59879
ENSG00000116729,WLS,261,1.82147,73,-1.8214
ENSG00000116754,SRSF11,388,1.85919,107,-1.8591
ENSG00000172260,NEGR1,51,-2.4708,284,2.47080
ENSG00000077254,USP33,47,-2.0593,198,2.05934
ENSG00000137941,TTLL7,180,0.40521,136,-0.4052
ENSG00000142875,PRKACB,215,-1.0714,451,1.07146
ENSG00000153904,DDAH1,711,1.51322,249,-1.5132
ENSG00000183291,SELENOF,292,0.31865,234,-0.3186
ENSG00000143013,LMO4,361,0.97277,184,-0.9727
ENSG00000122406,RPL5,1097,0.79224,633,-0.7922
ENSG00000117519,CNN3,404,1.98587,102,-1.9858
ENSG00000197780,TAF13,103,-0.5359,149,0.53592
ENSG00000031698,SARS,47,-2.4800,263,2.48009
ENSG00000134243,SORT1,145,-0.6438,227,0.64386
ENSG00000134202,GSTM3,434,0.54429,297,-0.5442
ENSG00000168710,AHCYL1,1246,1.43642,460,-1.4364
ENSG00000134248,LAMTOR5,142,-0.8491,256,0.84912
ENSG00000116459,ATP5PB,210,-0.3024,259,0.30246
ENSG00000116489,CAPZA1,33,-2.2613,161,2.26133
ENSG00000155366,RHOC,386,2.16852,86,-2.1685
ENSG00000116752,BCAS2,188,0.44637,138,-0.4463
ENSG00000009307,CSDE1,360,-0.5054,511,0.50546
ENSG00000163399,ATP1A1,282,-1.2148,656,1.21484
ENSG00000198162,MAN1A2,424,0.58359,283,-0.5835
ENSG00000092621,PHGDH,608,3.35170,59,-3.3517
ENSG00000265241,RBM8A,302,1.20640,131,-1.2064
ENSG00000178104,PDE4DIP,637,2.53288,110,-2.5328
ENSG00000159164,SV2A,183,-1.4531,501,1.45315
ENSG00000143401,ANP32E,253,0.78173,147,-0.7817
ENSG00000266472,MRPS21,155,-1.3997,410,1.39970
ENSG00000143384,MCL1,328,1.83881,91,-1.8388
ENSG00000213190,MLLT11,80,-2.8323,572,2.83237
ENSG00000159352,PSMD4,299,1.03316,146,-1.0331
ENSG00000159377,PSMB4,261,-1.0832,553,1.08326
ENSG00000197747,S100A10,398,1.80634,113,-1.8063
ENSG00000197956,S100A6,815,0.83923,455,-0.8392
ENSG00000189171,S100A13,539,1.52028,188,-1.5202
ENSG00000143543,JTB,258,0.08817,242,-0.0881
ENSG00000177954,RPS27,2304,1.07236,1095,-1.0723
ENSG00000143549,TPM3,176,-0.7447,295,0.74472
ENSG00000143612,C1orf43,219,0.87490,119,-0.8749
ENSG00000160710,ADAR,340,0.17950,300,-0.1795
ENSG00000143603,KCNN3,196,1.11683,90,-1.1168
ENSG00000163344,PMVK,159,0.13727,145,-0.1372
ENSG00000163346,PBXIP1,611,2.61829,99,-2.6182
ENSG00000163463,KRTCAP2,190,0.94133,99,-0.9413
ENSG00000177628,GBA,173,0.28759,142,-0.2875
ENSG00000160752,FDPS,142,-0.5326,206,0.53266
ENSG00000116539,ASH1L,194,0.12605,178,-0.1260
ENSG00000132718,SYT11,597,0.14016,541,-0.1401
ENSG00000160781,PAQR6,671,1.94459,174,-1.9445
ENSG00000163468,CCT3,350,0.59883,231,-0.5988
ENSG00000125462,C1orf61,1061,0.50701,747,-0.5070
ENSG00000132692,BCAN,336,1.74428,100,-1.7442
ENSG00000162706,CADM3,181,-0.8890,336,0.88906
ENSG00000158710,TAGLN2,246,0.80554,141,-0.8055
ENSG00000177807,KCNJ10,341,1.81090,97,-1.8109
ENSG00000018625,ATP1A2,1683,1.78797,487,-1.7879
ENSG00000162734,PEA15,1262,0.49461,896,-0.4946
ENSG00000122218,COPA,107,-0.8619,195,0.86195
ENSG00000143256,PFDN2,177,-0.1576,198,0.15764
ENSG00000143222,UFC1,196,0.40593,147,-0.4059
ENSG00000158864,NDUFS2,122,-1.0973,262,1.09733
ENSG00000143252,SDHC,262,0.37864,201,-0.3786
ENSG00000152332,UHMK1,11,-4.2012,204,4.20120
ENSG00000185630,PBX1,544,2.00335,135,-2.0033
ENSG00000143198,MGST3,160,-1.9883,636,1.98832
ENSG00000143149,ALDH9A1,236,1.23382,100,-1.2338
ENSG00000143183,TMCO1,181,0.35608,142,-0.3560
ENSG00000143158,MPC2,130,-0.6310,202,0.63104
ENSG00000143153,ATP1B1,599,-1.9581,2330,1.95819
ENSG00000075945,KIFAP3,261,-0.4580,358,0.45806
ENSG00000117523,PRRC2C,375,1.04880,181,-1.0488
ENSG00000197959,DNM3,215,-0.0410,221,0.04100
ENSG00000117592,PRDX6,1018,1.62996,329,-1.6299
ENSG00000116161,CACYBP,295,-0.6292,456,0.62923
ENSG00000116147,TNR,260,1.73615,78,-1.7361
ENSG00000135821,GLUL,1221,0.75190,725,-0.7519
ENSG00000157064,NMNAT2,19,-3.9851,316,3.98513
ENSG00000162704,ARPC5,46,-2.1333,206,2.13334
ENSG00000118200,CAMSAP2,246,-0.3939,323,0.39391
ENSG00000116857,TMEM9,145,-0.7271,241,0.72710
ENSG00000159176,CSRP1,993,1.71418,302,-1.7141
ENSG00000198892,SHISA4,106,-0.1508,118,0.15082
ENSG00000134375,TIMM17A,75,-1.4320,202,1.43209
ENSG00000170075,GPR37L1,831,2.71004,127,-2.7100
ENSG00000143862,ARL8A,242,0.26259,201,-0.2625
ENSG00000159348,CYB5R1,99,-0.5995,150,0.59957
ENSG00000058668,ATP2B4,414,0.95780,213,-0.9578
ENSG00000163531,NFASC,137,-0.4701,190,0.47018
ENSG00000184144,CNTN2,201,1.00240,100,-1.0024
ENSG00000069275,NUCKS1,1340,1.46085,487,-1.4608
ENSG00000117691,NENF,477,1.22070,204,-1.2207
ENSG00000136628,EPRS,238,0.43648,176,-0.4364
ENSG00000118873,RAB3GAP2,74,-0.8058,129,0.80585
ENSG00000154380,ENAH,257,0.72288,155,-0.7228
ENSG00000143742,SRP9,634,1.51304,222,-1.5130
ENSG00000143819,EPHX1,106,0.15105,96,-0.1510
ENSG00000163041,H3F3A,877,1.24546,370,-1.2454
ENSG00000143799,PARP1,316,1.44106,116,-1.4410
ENSG00000143772,ITPKB,477,2.17452,105,-2.1745
ENSG00000143761,ARF1,336,-0.2437,398,0.24378
ENSG00000162910,MRPL55,122,-0.8784,224,0.87845
ENSG00000143774,GUK1,382,0.01579,378,-0.0157
ENSG00000168159,RNF187,384,-0.2183,447,0.21839
ENSG00000135744,AGT,3044,3.84812,211,-3.8481
ENSG00000168264,IRF2BP2,549,2.24614,115,-2.2461
ENSG00000173726,TOMM20,208,-1.2139,483,1.21399
ENSG00000054267,ARID4B,274,1.13019,125,-1.1301
ENSG00000117020,AKT3,266,1.43411,98,-1.4341
ENSG00000203667,COX20,150,-0.2035,173,0.20355
ENSG00000153187,HNRNPU,561,0.75534,332,-0.7553
ENSG00000171863,RPS7,737,0.86876,403,-0.8687
ENSG00000115738,ID2,347,2.62935,56,-2.6293
ENSG00000134313,KIDINS220,137,-0.7797,236,0.77976
ENSG00000143797,MBOAT2,107,0.39686,81,-0.3968
ENSG00000119185,ITGB1BP1,38,-2.0226,155,2.02268
ENSG00000134308,YWHAQ,790,0.15038,712,-0.1503
ENSG00000115756,HPCAL1,139,-1.7557,471,1.75575
ENSG00000143870,PDIA6,385,2.28199,79,-2.2819
ENSG00000169006,NTSR2,264,1.00869,131,-1.0086
ENSG00000134324,LPIN1,188,0.53256,130,-0.5325
ENSG00000079785,DDX1,232,0.36902,179,-0.3690
ENSG00000163032,VSNL1,224,-0.8777,413,0.87775
ENSG00000068697,LAPTM4A,275,0.98534,139,-0.9853
ENSG00000143878,RHOB,1271,2.81117,181,-2.8111
ENSG00000115128,SF3B6,217,0.70301,133,-0.7030
ENSG00000084731,KIF3C,122,-0.9143,230,0.91436
ENSG00000084733,RAB10,125,-0.9422,241,0.94227
ENSG00000084754,HADHA,241,0.63107,156,-0.6310
ENSG00000138029,HADHB,155,-0.5414,225,0.54145
ENSG00000084764,MAPRE3,197,-0.7787,339,0.77878
ENSG00000228474,OST4,277,0.06035,266,-0.0603
ENSG00000115216,NRBP1,107,-0.1998,123,0.19989
ENSG00000213639,PPP1CB,281,-0.6721,447,0.67216
ENSG00000119801,YPEL5,155,-0.6169,238,0.61696
ENSG00000119820,YIPF4,36,-2.4758,205,2.47582
ENSG00000055332,EIF2AK2,182,0.32427,145,-0.3242
ENSG00000115944,COX7A2L,136,-0.6762,218,0.67627
ENSG00000138095,LRPPRC,42,-1.8068,147,1.80682
ENSG00000138078,PREPL,289,-1.5419,841,1.54199
ENSG00000116016,EPAS1,190,1.39117,72,-1.3911
ENSG00000119729,RHOQ,167,-0.0480,173,0.04808
ENSG00000143933,CALM2,1685,-0.4716,2337,0.47169
ENSG00000179915,NRXN1,241,-0.1796,273,0.17967
ENSG00000068912,ERLEC1,49,-1.7409,164,1.74090
ENSG00000170634,ACYP2,256,1.35314,100,-1.3531
ENSG00000115306,SPTBN1,688,-0.1693,774,0.16931
ENSG00000115310,RTN4,656,-1.4426,1784,1.44262
ENSG00000143947,RPS27A,1756,1.28715,719,-1.2871
ENSG00000115355,CCDC88A,396,0.69730,244,-0.6973
ENSG00000163001,CFAP36,121,-0.7675,207,0.76753
ENSG00000115380,EFEMP1,722,4.13857,41,-4.1385
ENSG00000115484,CCT4,126,-0.3826,164,0.38267
ENSG00000014641,MDH1,201,-1.3456,511,1.34567
ENSG00000169764,UGP2,86,-1.3202,216,1.32028
ENSG00000115902,SLC1A4,358,0.99725,179,-0.9972
ENSG00000138069,RAB1A,57,-1.8482,208,1.84823
ENSG00000138071,ACTR2,209,0.29668,170,-0.2966
ENSG00000115977,AAK1,88,-1.6840,282,1.68405
ENSG00000169564,PCBP1,371,0.21926,319,-0.2192
ENSG00000116005,PCYOX1,132,-0.6249,204,0.62490
ENSG00000144036,EXOC6B,149,0.57349,100,-0.5734
ENSG00000135624,CCT7,307,0.33896,243,-0.3389
ENSG00000204843,DCTN1,270,-0.0771,285,0.07712
ENSG00000163541,SUCLG1,65,-1.0544,135,1.05442
ENSG00000034510,TMSB10,1040,-0.3077,1288,0.30772
ENSG00000152291,TGOLN2,134,0.11792,123,-0.1179
ENSG00000168906,MAT2A,369,1.99430,92,-1.9943
ENSG00000132305,IMMT,57,-1.4602,157,1.46023
ENSG00000068615,REEP1,236,-0.4304,318,0.43040
ENSG00000115561,CHMP3,129,-0.4904,181,0.49047
ENSG00000172005,MAL,259,1.11096,120,-1.1109
ENSG00000084090,STARD7,401,0.86535,220,-0.8653
ENSG00000144021,CIAO1,34,-2.4313,183,2.43135
ENSG00000135940,COX5B,596,-0.2235,696,0.22359
ENSG00000158417,EIF5B,537,1.15751,241,-1.1575
ENSG00000170500,LONRF2,57,-2.5423,335,2.54237
ENSG00000071082,RPL31,1219,0.55694,828,-0.5569
ENSG00000071054,MAP4K4,102,-0.3630,132,0.36309
ENSG00000135968,GCC2,297,0.62349,192,-0.6234
ENSG00000188177,ZC3H6,241,1.57239,81,-1.5723
ENSG00000155368,DBI,634,0.93943,330,-0.9394
ENSG00000211460,TSN,259,1.31927,103,-1.3192
ENSG00000136717,BIN1,4,-5.7321,229,5.73214
ENSG00000152082,MZT2B,430,0.73872,258,-0.7387
ENSG00000152102,FAM168B,251,1.35127,98,-1.3512
ENSG00000115762,PLEKHB2,134,-1.5539,395,1.55399
ENSG00000173272,MZT2A,46,-2.2548,221,2.25488
ENSG00000144224,UBXN4,177,-0.2809,215,0.28092
ENSG00000115866,DARS,605,2.33556,119,-2.3355
ENSG00000169554,ZEB2,128,0.81242,72,-0.8124
ENSG00000168280,KIF5C,169,-1.1170,368,1.11708
ENSG00000157827,FMNL2,360,2.33523,71,-2.3352
ENSG00000136541,ERMN,449,1.97619,114,-1.9761
ENSG00000115233,PSMD14,83,-1.0268,169,1.02680
ENSG00000153253,SCN3A,24,-2.9491,191,2.94917
ENSG00000136531,SCN2A,269,0.13860,244,-0.1386
ENSG00000198648,STK39,103,-0.5392,150,0.53924
ENSG00000138398,PPIG,242,-0.1627,271,0.16270
ENSG00000138385,SSB,193,0.48065,138,-0.4806
ENSG00000077380,DYNC1I2,354,-0.0241,360,0.02412
ENSG00000138430,OLA1,20,-3.0918,176,3.09188
ENSG00000128656,CHN1,122,-1.2602,293,1.26022
ENSG00000154518,ATP5MC3,186,-1.5450,544,1.54503
ENSG00000170144,HNRNPA3,441,0.80276,253,-0.8027
ENSG00000116044,NFE2L2,206,0.96751,105,-0.9675
ENSG00000061676,NCKAP1,95,-1.9084,358,1.90840
ENSG00000065548,ZC3H15,270,-0.0229,274,0.02299
ENSG00000151690,MFSD6,39,-2.0510,165,2.05109
ENSG00000115419,GLS,3,-6.0191,244,6.01916
ENSG00000115524,SF3B1,218,0.55933,148,-0.5593
ENSG00000144381,HSPD1,674,1.07080,321,-1.0708
ENSG00000115541,HSPE1,720,1.38533,275,-1.3853
ENSG00000196141,SPATS2L,292,1.25461,122,-1.2546
ENSG00000082153,BZW1,153,-0.2288,179,0.22888
ENSG00000116030,SUMO1,56,-1.3923,148,1.39232
ENSG00000204217,BMPR2,178,-0.4061,236,0.40611
ENSG00000138443,ABI2,183,-0.6065,279,0.60650
ENSG00000023228,NDUFS1,174,0.19596,152,-0.1959
ENSG00000114942,EEF1B2,248,-0.5879,374,0.58798
ENSG00000078018,MAP2,379,-1.1411,836,1.14114
ENSG00000079246,XRCC5,227,0.60195,149,-0.6019
ENSG00000197756,RPL37A,1834,0.46380,1329,-0.4638
ENSG00000163466,ARPC2,33,-2.8004,232,2.80048
ENSG00000127838,PNKD,182,0.24635,154,-0.2463
ENSG00000144567,RETREG2,262,-0.1870,298,0.18706
ENSG00000127824,TUBA4A,37,-3.8895,554,3.88950
ENSG00000135924,DNAJB2,435,0.70702,266,-0.7070
ENSG00000054356,PTPRN,167,-1.7123,547,1.71231
ENSG00000123983,ACSL3,296,0.24517,250,-0.2451
ENSG00000171951,SCG2,1198,-0.8309,2132,0.83090
ENSG00000135919,SERPINE2,556,1.68354,173,-1.6835
ENSG00000168958,MFF,198,0.40198,149,-0.4019
ENSG00000187957,DNER,740,0.28115,609,-0.2811
ENSG00000135932,CAB39,96,-0.6994,155,0.69945
ENSG00000135916,ITM2C,1118,0.38353,857,-0.3835
ENSG00000173692,PSMD1,205,-0.2624,246,0.26249
ENSG00000115053,NCL,527,1.47797,189,-1.4779
ENSG00000187514,PTMA,2751,1.78321,799,-1.7832
ENSG00000115468,EFHD1,375,2.59813,62,-2.5981
ENSG00000182600,SNORC,206,1.06218,98,-1.0621
ENSG00000132321,IQCA1,460,3.41497,43,-3.4149
ENSG00000198612,COPS8,151,-0.6774,242,0.67749
ENSG00000132329,RAMP1,674,2.83878,94,-2.8387
ENSG00000130414,NDUFA10,70,-1.5869,211,1.58693
ENSG00000172428,COPS9,385,-0.0127,389,0.01272
ENSG00000130294,KIF1A,479,-0.4779,668,0.47790
ENSG00000115677,HDLBP,268,0.82198,152,-0.8219
ENSG00000168385,SEPTIN2,394,1.16058,176,-1.1605
ENSG00000115694,STK25,125,-0.0021,126,0.00212
ENSG00000134121,CHL1,137,-1.1249,300,1.12499
ENSG00000134108,ARL8B,230,-0.2145,267,0.21458
ENSG00000241553,ARPC4,155,0.43991,114,-0.4399
ENSG00000254999,BRK1,232,0.21316,200,-0.2131
ENSG00000132164,SLC6A11,210,0.65639,133,-0.6563
ENSG00000157103,SLC6A1,170,0.12400,156,-0.1240
ENSG00000157152,SYN2,34,-3.2699,334,3.26997
ENSG00000144713,RPL32,1406,0.38834,1074,-0.3883
ENSG00000144711,IQSEC1,119,-1.2274,278,1.22746
ENSG00000225733,FGD5-AS1,264,0.34218,208,-0.3421
ENSG00000144566,RAB5A,107,-0.2731,129,0.27310
ENSG00000174748,RPL15,892,-0.2526,1063,0.25261
ENSG00000163539,CLASP2,138,-0.9956,275,0.99567
ENSG00000178567,EPM2AIP1,170,0.34796,133,-0.3479
ENSG00000144674,GOLGA4,168,0.95456,87,-0.9545
ENSG00000168028,RPSA,819,0.76661,481,-0.7666
ENSG00000168314,MOBP,299,-0.4231,401,0.42316
ENSG00000114784,EIF1B,532,1.47929,190,-1.4792
ENSG00000188846,RPL14,699,0.31486,562,-0.3148
ENSG00000168036,CTNNB1,749,1.36745,290,-1.3674
ENSG00000181061,HIGD1A,381,0.11717,351,-0.1171
ENSG00000211456,SACM1L,44,-2.2248,209,2.22485
ENSG00000114646,CSPG5,82,-0.7818,141,0.78180
ENSG00000132153,DHX30,154,0.12564,141,-0.1256
ENSG00000047849,MAP4,523,0.15800,468,-0.1580
ENSG00000164050,PLXNB1,694,3.20211,75,-3.2021
ENSG00000232112,TMA7,722,0.31196,582,-0.3119
ENSG00000164054,SHISA5,143,-0.5902,215,0.59027
ENSG00000010256,UQCRC1,351,-0.0357,360,0.03575
ENSG00000178057,NDUFAF3,330,1.46004,120,-1.4600
ENSG00000067560,RHOA,641,0.81559,364,-0.8155
ENSG00000114353,GNAI2,457,0.96487,234,-0.9648
ENSG00000162244,RPL29,1015,0.91237,539,-0.9123
ENSG00000164091,WDR82,166,-0.2327,195,0.23271
ENSG00000010322,NISCH,140,-0.5840,210,0.58400
ENSG00000168268,NT5DC2,124,-0.5967,188,0.59675
ENSG00000114902,SPCS1,161,-0.8058,281,0.80586
ENSG00000163931,TKT,191,-0.1590,214,0.15903
ENSG00000113811,SELENOK,213,1.22893,91,-1.2289
ENSG00000168309,FAM107A,1306,1.92202,344,-1.9220
ENSG00000163618,CADPS,29,-2.7432,200,2.74320
ENSG00000144746,ARL6IP5,422,0.56093,286,-0.5609
ENSG00000175161,CADM2,192,-0.3597,247,0.35971
ENSG00000269028,MTRNR2L12,4584,-0.0197,4647,0.01974
ENSG00000080822,CLDND1,725,1.32894,288,-1.3289
ENSG00000081154,PCNP,450,0.83543,252,-0.8354
ENSG00000114391,RPL24,905,0.29515,737,-0.2951
ENSG00000170017,ALCAM,32,-3.0591,271,3.05914
ENSG00000196776,CD47,27,-2.5221,156,2.52218
ENSG00000198919,DZIP3,248,1.29363,101,-1.2936
ENSG00000144834,TAGLN3,10,-5.7606,554,5.76067
ENSG00000114573,ATP6V1A,104,-1.9248,395,1.92480
ENSG00000181722,ZBTB20,401,2.39032,76,-2.3903
ENSG00000172020,GAP43,317,-1.8180,1117,1.81806
ENSG00000185565,LSAMP,314,-0.0521,326,0.05218
ENSG00000082701,GSK3B,140,-0.2553,167,0.25537
ENSG00000065518,NDUFB4,199,-0.3650,256,0.36507
ENSG00000173230,GOLGB1,385,1.25383,161,-1.2538
ENSG00000114023,FAM162A,71,-1.0049,143,1.00498
ENSG00000114544,SLC41A3,148,-0.1188,161,0.11881
ENSG00000114631,PODXL2,129,-1.3087,320,1.30871
ENSG00000058262,SEC61A1,249,1.29567,101,-1.2956
ENSG00000075785,RAB7A,505,1.11703,233,-1.1170
ENSG00000169714,CNBP,499,1.49199,177,-1.4919
ENSG00000184897,H1FX,460,1.16592,205,-1.1659
ENSG00000017260,ATP2C1,77,-1.0911,165,1.09113
ENSG00000091513,TF,1398,1.78612,405,-1.7861
ENSG00000154917,RAB6B,37,-4.0241,610,4.02410
ENSG00000158186,MRAS,63,-1.5036,179,1.50367
ENSG00000051382,PIK3CB,48,-1.8829,180,1.88293
ENSG00000114115,RBP1,215,1.49896,76,-1.4989
ENSG00000069849,ATP1B3,112,-0.7915,194,0.79159
ENSG00000082996,RNF13,319,1.38869,122,-1.3886
ENSG00000070087,PFN2,385,-0.0612,401,0.06121
ENSG00000120742,SERP1,323,1.47633,116,-1.4763
ENSG00000198843,SELENOT,248,0.30465,201,-0.3046
ENSG00000114850,SSR3,160,0.43890,118,-0.4389
ENSG00000163536,SERPINI1,202,-0.6257,313,0.62572
ENSG00000173905,GOLIM4,342,2.28973,70,-2.2897
ENSG00000008952,SEC62,1222,0.26468,1017,-0.2646
ENSG00000013297,CLDN11,138,-0.0773,145,0.07736
ENSG00000013293,SLC7A14,3,-5.6156,181,5.61566
ENSG00000172667,ZMAT3,272,0.70376,167,-0.7037
ENSG00000136521,NDUFB5,260,0.56550,175,-0.5655
ENSG00000114416,FXR1,33,-2.6087,205,2.60871
ENSG00000242808,SOX2-OT,591,1.63130,190,-1.6313
ENSG00000181449,SOX2,960,3.27749,99,-3.2774
ENSG00000161203,AP2M1,343,-1.3089,850,1.30897
ENSG00000163888,CAMK2N2,5,-5.7384,284,5.73849
ENSG00000175166,PSMD2,118,-1.5285,341,1.52853
ENSG00000156976,EIF4A2,679,-0.5400,988,0.54001
ENSG00000198836,OPA1,4,-5.1994,163,5.19948
ENSG00000189058,APOD,990,2.11044,229,-2.1104
ENSG00000072274,TFRC,137,-0.2968,169,0.29683
ENSG00000182899,RPL35A,1370,1.29834,557,-1.2983
ENSG00000169020,ATP5ME,935,0.27261,774,-0.2726
ENSG00000159692,CTBP1,56,-2.3403,285,2.34033
ENSG00000068078,FGFR3,706,2.58933,117,-2.5893
ENSG00000243449,C4orf48,673,0.56634,454,-0.5663
ENSG00000185818,NAT8L,448,1.20766,194,-1.2076
ENSG00000087274,ADD1,452,0.39786,343,-0.3978
ENSG00000163956,LRPAP1,262,0.02158,258,-0.0215
ENSG00000168824,NSG1,150,-2.2506,717,2.25063
ENSG00000072832,CRMP1,279,0.62129,181,-0.6212
ENSG00000109501,WFS1,432,1.79666,124,-1.7966
ENSG00000074211,PPP2R2C,134,-0.5822,201,0.58223
ENSG00000179010,MRFAP1,1070,0.40194,809,-0.4019
ENSG00000178988,MRFAP1L1,213,0.31129,172,-0.3112
ENSG00000071127,WDR1,280,1.15063,126,-1.1506
ENSG00000038219,BOD1L1,525,1.90079,140,-1.9007
ENSG00000151552,QDPR,105,-2.9398,805,2.93983
ENSG00000169851,PCDH7,203,0.11087,188,-0.1108
ENSG00000163682,RPL9,1418,0.93871,740,-0.9387
ENSG00000078140,UBE2K,31,-2.5951,192,2.59513
ENSG00000154277,UCHL1,1067,-1.8331,3804,1.83314
ENSG00000064042,LIMCH1,503,0.84416,280,-0.8441
ENSG00000163285,GABRG1,510,1.66479,160,-1.6647
ENSG00000109180,OCIAD1,184,-1.6344,573,1.63449
ENSG00000174780,SRP72,218,0.01536,215,-0.0153
ENSG00000171476,HOPX,132,0.61753,86,-0.6175
ENSG00000163453,IGFBP7,531,1.71768,161,-1.7176
ENSG00000083896,YTHDC1,258,0.81922,146,-0.8192
ENSG00000018189,RUFY3,504,0.09082,474,-0.0908
ENSG00000132463,GRSF1,188,0.47523,135,-0.4752
ENSG00000132466,ANKRD17,30,-2.5124,176,2.51243
ENSG00000138757,G3BP2,293,-1.6515,921,1.65150
ENSG00000138760,SCARB2,498,1.07289,236,-1.0728
ENSG00000138758,SEPTIN11,100,-0.0134,101,0.01341
ENSG00000118816,CCNI,292,0.09559,273,-0.0955
ENSG00000138668,HNRNPD,258,0.96089,132,-0.9608
ENSG00000152795,HNRNPDL,532,1.06167,255,-1.0616
ENSG00000145293,ENOPH1,298,0.57511,200,-0.5751
ENSG00000145284,SCD5,781,-0.0140,788,0.01400
ENSG00000109339,MAPK10,327,1.00349,163,-1.0034
ENSG00000152583,SPARCL1,3493,1.85416,966,-1.8541
ENSG00000118785,SPP1,746,1.65278,237,-1.6527
ENSG00000163644,PPM1K,237,0.34468,186,-0.3446
ENSG00000177432,NAP1L5,29,-4.2221,548,4.22213
ENSG00000145335,SNCA,3,-5.6117,181,5.61172
ENSG00000163110,PDLIM5,222,1.53521,76,-1.5352
ENSG00000138698,RAP1GDS1,174,-0.2906,213,0.29067
ENSG00000197894,ADH5,143,0.33950,113,-0.3395
ENSG00000164031,DNAJB14,49,-1.3760,128,1.37601
ENSG00000138814,PPP3CA,251,-0.2498,299,0.24983
ENSG00000109332,UBE2D3,126,-1.1625,282,1.16251
ENSG00000109475,RPL34,1886,0.24085,1596,-0.2408
ENSG00000174720,LARP7,222,0.50561,157,-0.5056
ENSG00000145362,ANK2,351,-1.1556,784,1.15563
ENSG00000164096,C4orf3,222,-0.4021,293,0.40217
ENSG00000164111,ANXA5,371,1.45807,135,-1.4580
ENSG00000164070,HSPA4L,57,-2.8797,425,2.87979
ENSG00000164040,PGRMC2,74,-1.4586,203,1.45869
ENSG00000109390,NDUFC1,551,1.63496,177,-1.6349
ENSG00000153130,SCOC,554,-0.4846,775,0.48464
ENSG00000153147,SMARCA5,425,1.41830,159,-1.4183
ENSG00000170390,DCLK2,329,1.17510,145,-1.1751
ENSG00000145425,RPS3A,1283,1.37275,495,-1.3727
ENSG00000109654,TRIM2,553,0.58536,369,-0.5853
ENSG00000164114,MAP9,389,0.07542,370,-0.0754
ENSG00000061918,GUCY1B1,27,-3.9610,427,3.96105
ENSG00000052802,MSMO1,313,0.87232,171,-0.8723
ENSG00000109472,CPE,2454,0.58044,1641,-0.5804
ENSG00000196104,SPOCK3,211,-0.3486,268,0.34862
ENSG00000109572,CLCN3,175,0.09136,164,-0.0913
ENSG00000164106,SCRG1,340,1.64266,108,-1.6426
ENSG00000150625,GPM6A,1288,0.37328,994,-0.3732
ENSG00000151729,SLC25A4,356,0.20674,309,-0.2067
ENSG00000249915,PDCD6,71,-1.7695,243,1.76952
ENSG00000171368,TPPP,661,1.44067,243,-1.4406
ENSG00000145494,NDUFS6,382,0.68097,238,-0.6809
ENSG00000078295,ADCY2,276,1.17162,122,-1.1716
ENSG00000150753,CCT5,315,0.79323,181,-0.7932
ENSG00000145495,MARCH6,332,0.02985,325,-0.0298
ENSG00000169862,CTNND2,524,0.67789,327,-0.6778
ENSG00000154122,ANKH,130,-0.3616,167,0.36166
ENSG00000154153,RETREG1,310,1.44122,114,-1.4412
ENSG00000145555,MYO10,407,2.43327,75,-2.4332
ENSG00000176788,BASP1,486,-1.4410,1321,1.44105
ENSG00000056097,ZFR,135,-0.0431,139,0.04310
ENSG00000113387,SUB1,268,-0.9849,531,0.98495
ENSG00000079215,SLC1A3,2493,2.78916,360,-2.7891
ENSG00000113594,LIFR,315,1.72703,95,-1.7270
ENSG00000145592,RPL37,1355,0.40086,1026,-0.4008
ENSG00000182836,PLCXD3,18,-3.4714,207,3.47145
ENSG00000250722,SELENOP,840,2.08660,197,-2.0866
ENSG00000112972,HMGCS1,257,-0.1276,281,0.12762
ENSG00000134352,IL6ST,177,0.41897,132,-0.4189
ENSG00000152932,RAB3C,8,-5.8249,463,5.82497
ENSG00000112851,ERBIN,208,1.32874,82,-1.3287
ENSG00000164326,CARTPT,3,-6.0568,250,6.05682
ENSG00000131711,MAP1B,1898,-1.4106,5047,1.41067
ENSG00000145741,BTF3,241,-0.2526,287,0.25262
ENSG00000171617,ENC1,95,-1.6580,302,1.65803
ENSG00000113161,HMGCR,59,-1.5193,170,1.51932
ENSG00000122012,SV2C,7,-4.7390,195,4.73905
ENSG00000171530,TBCA,687,0.40310,519,-0.4031
ENSG00000085365,SCAMP1,111,-1.6522,349,1.65225
ENSG00000186468,RPS23,1625,1.07584,771,-1.0758
ENSG00000174695,TMEM167A,49,-1.0049,98,1.00494
ENSG00000164176,EDIL3,419,0.55115,286,-0.5511
ENSG00000127184,COX7C,1030,-0.1015,1105,0.10157
ENSG00000175745,NR2F1,633,2.38085,121,-2.3808
ENSG00000164292,RHOBTB3,370,2.64440,59,-2.6444
ENSG00000153113,CAST,334,1.15757,150,-1.1575
ENSG00000174136,RGMB,16,-3.4987,191,3.49870
ENSG00000145730,PAM,294,-0.5250,423,0.52502
ENSG00000198961,PJA2,254,-1.7840,876,1.78404
ENSG00000134982,APC,282,0.54274,194,-0.5427
ENSG00000129625,REEP5,253,-0.9696,496,0.96965
ENSG00000134970,TMED7,189,0.66879,118,-0.6687
ENSG00000164241,C5orf63,854,-0.2459,1013,0.24593
ENSG00000169567,HINT1,369,-0.7841,636,0.78410
ENSG00000164398,ACSL6,161,0.67075,101,-0.6707
ENSG00000131437,KIF3A,157,-1.9460,606,1.94602
ENSG00000164402,SEPTIN8,436,1.20298,189,-1.2029
ENSG00000164405,UQCRQ,446,-0.1756,504,0.17563
ENSG00000170606,HSPA4,228,0.03482,223,-0.0348
ENSG00000213585,VDAC1,303,-0.2676,365,0.26766
ENSG00000113558,SKP1,863,-0.1639,967,0.16399
ENSG00000113575,PPP2CA,51,-2.3568,265,2.35683
ENSG00000119048,UBE2B,57,-1.5021,162,1.50214
ENSG00000164615,CAMLG,204,0.35373,160,-0.3537
ENSG00000152377,SPOCK1,111,-1.7344,371,1.73449
ENSG00000177733,HNRNPA0,243,0.55121,166,-0.5512
ENSG00000132563,REEP2,72,-1.7960,251,1.79608
ENSG00000120738,EGR1,1356,3.78056,98,-3.7805
ENSG00000113013,HSPA9,397,-0.1968,455,0.19681
ENSG00000044115,CTNNA1,504,2.08875,118,-2.0887
ENSG00000120727,PAIP2,301,0.22879,257,-0.2287
ENSG00000171604,CXXC5,414,1.25327,173,-1.2532
ENSG00000185129,PURA,249,0.76870,146,-0.7687
ENSG00000182700,IGIP,52,-1.8127,185,1.81276
ENSG00000120306,CYSTM1,272,0.48453,195,-0.4845
ENSG00000131495,NDUFA2,178,-1.0106,359,1.01063
ENSG00000113141,IK,328,1.24774,138,-1.2477
ENSG00000146007,ZMAT2,79,-1.0299,161,1.02993
ENSG00000178913,TAF7,194,0.45736,141,-0.4573
ENSG00000131507,NDFIP1,587,-0.4233,787,0.42331
ENSG00000113578,FGF1,307,0.75967,181,-0.7596
ENSG00000156475,PPP2R2B,60,-1.3050,150,1.30507
ENSG00000113657,DPYSL3,504,0.74552,301,-0.7455
ENSG00000113712,CSNK1A1,391,0.83388,219,-0.8338
ENSG00000164587,RPS14,2096,1.28184,862,-1.2818
ENSG00000211445,GPX3,4,-6.8790,557,6.87906
ENSG00000197043,ANXA6,154,-1.5966,467,1.59660
ENSG00000113140,SPARC,4353,1.70884,1331,-1.7088
ENSG00000177556,ATOX1,165,-0.6112,253,0.61128
ENSG00000155506,LARP1,410,-0.1268,448,0.12685
ENSG00000055163,CYFIP2,137,-1.1573,307,1.15731
ENSG00000113312,TTC1,62,-2.0411,255,2.04114
ENSG00000164609,SLU7,259,0.06665,247,-0.0666
ENSG00000022355,GABRA1,38,-3.3150,385,3.31505
ENSG00000113327,GABRG2,24,-3.6182,303,3.61825
ENSG00000188573,FBLL1,105,-1.1148,229,1.11486
ENSG00000181163,NPM1,430,0.75396,255,-0.7539
ENSG00000072803,FBXW11,84,-1.5832,252,1.58325
ENSG00000120129,DUSP1,1003,2.65788,159,-2.6578
ENSG00000113732,ATP6V0E1,181,0.59046,120,-0.5904
ENSG00000113742,CPEB4,128,-0.1078,138,0.10787
ENSG00000170091,NSG2,150,-2.4307,812,2.43073
ENSG00000145920,CPLX2,4,-5.6199,202,5.61992
ENSG00000122203,KIAA1191,162,-0.1863,184,0.18637
ENSG00000146066,HIGD2A,212,0.73796,127,-0.7379
ENSG00000175416,CLTB,109,-1.6248,338,1.62482
ENSG00000074317,SNCB,32,-3.3065,319,3.30651
ENSG00000184840,TMED9,117,-0.7521,198,0.75214
ENSG00000145912,NHP2,206,-0.3547,264,0.35476
ENSG00000127022,CANX,1495,1.09593,699,-1.0959
ENSG00000161011,SQSTM1,430,0.12242,395,-0.1224
ENSG00000113269,RNF130,215,0.66760,135,-0.6676
ENSG00000050748,MAPK9,199,0.53682,137,-0.5368
ENSG00000204628,RACK1,812,0.92030,429,-0.9203
ENSG00000137267,TUBB2A,497,-1.2308,1168,1.23084
ENSG00000137285,TUBB2B,1039,0.82111,588,-0.8211
ENSG00000124783,SSR1,185,0.64806,118,-0.6480
ENSG00000172201,ID4,877,2.56521,148,-2.5652
ENSG00000112308,C6orf62,505,1.81659,143,-1.8165
ENSG00000204681,GABBR1,318,0.25217,267,-0.2521
ENSG00000206503,HLA-A,373,1.46205,135,-1.4620
ENSG00000204592,HLA-E,728,2.47682,130,-2.4768
ENSG00000196230,TUBB,127,-2.9608,990,2.96086
ENSG00000137312,FLOT1,282,0.06615,270,-0.0661
ENSG00000204580,DDR1,755,3.36698,73,-3.3669
ENSG00000204525,HLA-C,224,1.72554,67,-1.7255
ENSG00000234745,HLA-B,613,1.47953,219,-1.4795
ENSG00000204435,CSNK2B,186,0.13653,169,-0.1365
ENSG00000204389,HSPA1A,247,0.61727,161,-0.6172
ENSG00000204388,HSPA1B,427,0.53144,295,-0.5314
ENSG00000204310,AGPAT1,100,-0.1686,112,0.16869
ENSG00000231500,RPS18,1279,0.97038,652,-0.9703
ENSG00000112514,CUTA,207,0.00964,205,-0.0096
ENSG00000137288,UQCC2,176,0.80108,101,-0.8010
ENSG00000186577,SMIM29,154,0.30712,124,-0.3071
ENSG00000272325,NUDT3,448,0.88650,242,-0.8865
ENSG00000124614,RPS10,283,0.31174,228,-0.3117
ENSG00000198755,RPL10A,373,0.03606,364,-0.0360
ENSG00000112081,SRSF3,328,0.48260,234,-0.4826
ENSG00000137409,MTCH1,461,-1.1225,1004,1.12259
ENSG00000124767,GLO1,330,1.46020,120,-1.4602
ENSG00000146122,DAAM2,216,1.46768,78,-1.4676
ENSG00000124702,KLHDC3,161,-0.5891,243,0.58916
ENSG00000096384,HSP90AB1,2318,-0.5482,3389,0.54825
ENSG00000172348,RCAN2,39,-3.3174,394,3.31740
ENSG00000170915,PAQR8,513,1.17542,227,-1.1754
ENSG00000096092,TMEM14A,3,-5.6616,186,5.66168
ENSG00000112146,FBXO9,32,-2.6250,199,2.62504
ENSG00000012660,ELOVL5,111,-0.6965,180,0.69651
ENSG00000151914,DST,952,1.26404,396,-1.2640
ENSG00000168216,LMBRD1,474,1.72919,143,-1.7291
ENSG00000112305,SMAP1,76,-0.6437,119,0.64372
ENSG00000112309,B3GAT2,179,0.62729,116,-0.6272
ENSG00000119900,OGFRL1,494,1.15056,222,-1.1505
ENSG00000156508,EEF1A1,4712,1.14792,2126,-1.1479
ENSG00000112695,COX7A2,791,0.95137,409,-0.9513
ENSG00000112697,TMEM30A,303,-0.3202,378,0.32021
ENSG00000118418,HMGN3,433,2.52124,75,-2.5212
ENSG00000065609,SNAP91,71,-2.0566,296,2.05661
ENSG00000132424,PNISR,280,1.82612,79,-1.8261
ENSG00000112320,SOBP,109,-0.6103,166,0.61035
ENSG00000112335,SNX3,176,-1.6188,540,1.61880
ENSG00000155115,GTF3C6,131,0.41143,98,-0.4114
ENSG00000277443,MARCKS,1652,2.20260,358,-2.2026
ENSG00000187189,TSPYL4,28,-3.7188,378,3.71886
ENSG00000189241,TSPYL1,301,-1.4573,827,1.45736
ENSG00000152661,GJA1,2155,2.76405,317,-2.7640
ENSG00000111897,SERINC1,424,-0.9686,830,0.96867
ENSG00000111912,NCOA7,119,-1.6748,382,1.67482
ENSG00000111911,HINT3,255,0.61464,166,-0.6146
ENSG00000189367,KIAA0408,20,-2.7151,133,2.71515
ENSG00000112306,RPS12,1304,0.60718,856,-0.6071
ENSG00000135541,AHI1,37,-2.0003,149,2.00031
ENSG00000029363,BCLAF1,421,1.39937,159,-1.3993
ENSG00000112379,ARFGEF3,73,-1.0828,155,1.08285
ENSG00000169976,SF3B5,230,1.20950,99,-1.2095
ENSG00000111961,SASH1,205,0.74684,122,-0.7468
ENSG00000120265,PCMT1,180,-0.9358,344,0.93585
ENSG00000131016,AKAP12,40,-2.6352,249,2.63524
ENSG00000131018,SYNE1,367,2.09244,86,-2.0924
ENSG00000092820,EZR,1033,3.98057,65,-3.9805
ENSG00000112096,SOD2,409,0.41199,307,-0.4119
ENSG00000120438,TCP1,188,0.05107,181,-0.0510
ENSG00000112531,QKI,1349,1.43404,499,-1.4340
ENSG00000008018,PSMB1,194,-0.1299,213,0.12997
ENSG00000188191,PRKAR1B,155,-2.0238,630,2.02381
ENSG00000146540,C7orf50,128,-0.1891,146,0.18913
ENSG00000157954,WIPI2,115,-0.0679,120,0.06792
ENSG00000075624,ACTB,2350,0.48221,1682,-0.4822
ENSG00000136238,RAC1,946,0.57705,634,-0.5770
ENSG00000189043,NDUFA4,906,-0.2168,1053,0.21680
ENSG00000106460,TMEM106B,300,1.16392,134,-1.1639
ENSG00000105855,ITGB8,297,1.91913,78,-1.9191
ENSG00000196683,TOMM7,595,0.15886,533,-0.1588
ENSG00000172115,CYCS,162,-1.1981,371,1.19810
ENSG00000122566,HNRNPA2B1,774,0.97109,395,-0.9710
ENSG00000122565,CBX3,343,1.06993,163,-1.0699
ENSG00000086300,SNX10,208,-1.0415,429,1.04154
ENSG00000106052,TAX1BP1,542,0.75790,320,-0.7579
ENSG00000255690,TRIL,658,2.45805,119,-2.4580
ENSG00000136193,SCRN1,159,-0.7616,271,0.76165
ENSG00000180354,MTURN,187,-1.2064,432,1.20647
ENSG00000240583,AQP1,637,2.58420,106,-2.5842
ENSG00000078549,ADCYAP1R1,416,1.87594,113,-1.8759
ENSG00000122545,SEPTIN7,664,0.12027,610,-0.1202
ENSG00000086289,EPDR1,50,-2.5480,294,2.54806
ENSG00000106588,PSMA2,122,0.13866,111,-0.1386
ENSG00000136279,DBNL,169,0.56295,114,-0.5629
ENSG00000106624,AEBP1,1220,5.24604,32,-5.2460
ENSG00000058404,CAMK2B,271,-0.9935,539,0.99357
ENSG00000015676,NUDCD3,44,-2.1411,197,2.14118
ENSG00000105953,OGDH,86,-1.5335,249,1.53351
ENSG00000196262,PPIA,1058,-0.6630,1675,0.66300
ENSG00000105968,H2AFV,409,1.47279,147,-1.4727
ENSG00000136274,NACAD,36,-1.5137,102,1.51371
ENSG00000146729,NIPSNAP2,217,0.58452,144,-0.5845
ENSG00000146731,CCT6A,219,-0.1229,238,0.12296
ENSG00000106153,CHCHD2,708,0.16276,633,-0.1627
ENSG00000126524,SBDS,156,0.29909,126,-0.2990
ENSG00000106683,LIMK1,17,-2.8373,127,2.83739
ENSG00000106682,EIF4H,380,0.30614,307,-0.3061
ENSG00000106665,CLIP2,160,0.77098,93,-0.7709
ENSG00000263001,GTF2I,1189,0.59367,787,-0.5936
ENSG00000005486,RHBDD2,756,-0.4420,1028,0.44202
ENSG00000146701,MDH2,13,-4.6594,332,4.65944
ENSG00000106211,HSPB1,1363,1.80303,390,-1.8030
ENSG00000170027,YWHAG,122,-3.5869,1475,3.58693
ENSG00000186472,PCLO,30,-3.0342,246,3.03421
ENSG00000075142,SRI,541,0.64097,346,-0.6409
ENSG00000058091,CDK14,93,-0.6818,150,0.68186
ENSG00000127914,AKAP9,333,0.60822,218,-0.6082
ENSG00000001630,CYP51A1,201,0.06487,192,-0.0648
ENSG00000127995,CASD1,62,-1.4673,173,1.46730
ENSG00000242265,PEG10,395,-0.8937,734,0.89370
ENSG00000105854,PON2,354,1.64895,112,-1.6489
ENSG00000158560,DYNC1I1,59,-2.7297,397,2.72973
ENSG00000127922,SEM1,172,0.43838,127,-0.4383
ENSG00000166448,TMEM130,98,-2.7346,658,2.73467
ENSG00000241685,ARPC1A,190,-0.7782,327,0.77820
ENSG00000106244,PDAP1,322,0.96677,165,-0.9667
ENSG00000241468,ATP5MF,203,-1.1135,439,1.11354
ENSG00000106261,ZKSCAN1,229,1.38454,87,-1.3845
ENSG00000168090,COPS6,122,-0.6046,185,0.60463
ENSG00000188186,LAMTOR4,359,0.41728,269,-0.4172
ENSG00000166925,TSC22D4,795,1.67251,249,-1.6725
ENSG00000172354,GNB2,453,0.65283,288,-0.6528
ENSG00000087085,ACHE,51,-2.8978,383,2.89780
ENSG00000128564,VGF,434,-0.7742,743,0.77424
ENSG00000106400,ZNHIT1,128,-0.6502,201,0.65029
ENSG00000214253,FIS1,289,0.23340,245,-0.2334
ENSG00000005075,POLR2J,142,0.13778,129,-0.1377
ENSG00000135250,SRPK2,247,-0.7130,405,0.71301
ENSG00000091140,DLD,108,-0.7591,183,0.75910
ENSG00000091129,NRCAM,311,0.65175,198,-0.6517
ENSG00000198898,CAPZA2,111,-1.6260,344,1.62607
ENSG00000106278,PTPRZ1,442,1.84166,123,-1.8416
ENSG00000128609,NDUFA5,334,-0.3919,438,0.39198
ENSG00000106299,WASL,55,-1.7376,186,1.73769
ENSG00000128524,ATP6V1F,255,-0.0926,272,0.09269
ENSG00000186591,UBE2H,115,-0.0997,123,0.09973
ENSG00000128607,KLHDC10,268,0.91746,141,-0.9174
ENSG00000286214,AUXG01000058.1,212,-1.7858,734,1.78583
ENSG00000085662,AKR1B1,216,-0.5646,319,0.56462
ENSG00000105887,MTPN,231,-0.2757,280,0.27573
ENSG00000105894,PTN,326,0.57397,219,-0.5739
ENSG00000064393,HIPK2,461,0.97702,234,-0.9770
ENSG00000090266,NDUFB2,289,-0.6122,442,0.61221
ENSG00000198420,TCAF1,118,-1.0137,240,1.01373
ENSG00000174469,CNTNAP2,3,-6.1168,255,6.11682
ENSG00000171130,ATP6V0E2,253,-1.1113,547,1.11136
ENSG00000133612,AGAP3,89,-0.8131,157,0.81316
ENSG00000082014,SMARCD3,245,0.13723,223,-0.1372
ENSG00000106615,RHEB,234,-0.4447,319,0.44471
ENSG00000130226,DPP6,372,0.08169,351,-0.0816
ENSG00000186480,INSIG1,212,-0.4714,294,0.47145
ENSG00000105993,DNAJB6,602,0.83426,338,-0.8342
ENSG00000155093,PTPRN2,136,-0.4956,192,0.49565
ENSG00000117868,ESYT2,260,1.15171,117,-1.1517
ENSG00000079459,FDFT1,307,0.22600,262,-0.2260
ENSG00000164733,CTSB,254,-0.7528,428,0.75282
ENSG00000078674,PCM1,350,1.14070,158,-1.1407
ENSG00000104763,ASAH1,253,-0.0031,253,0.00316
ENSG00000147416,ATP6V1B2,74,-2.8199,522,2.81991
ENSG00000158856,DMTN,10,-4.0399,178,4.03999
ENSG00000168481,LGI3,62,-1.3098,154,1.30981
ENSG00000168490,PHYHIP,178,-0.3661,230,0.36616
ENSG00000104722,NEFM,341,-2.2000,1570,2.20006
ENSG00000277586,NEFL,227,-3.7722,3106,3.77224
ENSG00000104765,BNIP3L,318,0.25091,267,-0.2509
ENSG00000240694,PNMA2,309,-0.9364,592,0.93640
ENSG00000092964,DPYSL2,1796,0.99513,901,-0.9951
ENSG00000015592,STMN4,385,1.52696,133,-1.5269
ENSG00000120885,CLU,17289,2.62514,2802,-2.6251
ENSG00000133872,SARAF,1291,-0.6084,1968,0.60842
ENSG00000104695,PPP2CB,633,1.02048,312,-1.0204
ENSG00000085788,DDHD2,20,-3.4266,222,3.42668
ENSG00000147548,NSD3,82,-1.1661,185,1.16614
ENSG00000077782,FGFR1,275,0.95400,142,-0.9540
ENSG00000147526,TACC1,272,1.07830,129,-1.0783
ENSG00000147533,GOLGA7,120,0.46588,87,-0.4658
ENSG00000078668,VDAC3,180,-1.2103,417,1.21030
ENSG00000169139,UBE2V2,84,-1.1364,184,1.13649
ENSG00000023287,RB1CC1,56,-2.2930,277,2.29303
ENSG00000047249,ATP6V1H,128,-1.3619,331,1.36193
ENSG00000008988,RPS20,775,1.06888,369,-1.0688
ENSG00000104331,IMPAD1,252,1.27076,104,-1.2707
ENSG00000137575,SDCBP,244,-0.0416,251,0.04167
ENSG00000104388,RAB2A,418,-0.1255,456,0.12553
ENSG00000198363,ASPH,394,0.93165,206,-0.9316
ENSG00000245910,SNHG6,385,1.01459,190,-1.0145
ENSG00000147604,RPL7,844,0.43897,623,-0.4389
ENSG00000040341,STAU2,67,-1.5141,193,1.51410
ENSG00000154582,ELOC,87,-0.5803,131,0.58036
ENSG00000171033,PKIA,113,-1.6951,368,1.69518
ENSG00000104435,STMN2,370,-2.4587,2038,2.45874
ENSG00000164687,FABP5,728,1.21389,313,-1.2138
ENSG00000147588,PMP2,1659,1.73344,498,-1.7334
ENSG00000184672,RALYL,3,-5.6558,201,5.65587
ENSG00000104327,CALB1,154,-1.5589,456,1.55895
ENSG00000123119,NECAB1,63,-1.6944,204,1.69443
ENSG00000156467,UQCRB,1927,0.94916,998,-0.9491
ENSG00000169439,SDC2,157,-0.4682,217,0.46824
ENSG00000147649,MTDH,465,1.54361,159,-1.5436
ENSG00000104341,LAPTM4B,193,-0.2426,228,0.24262
ENSG00000156482,RPL30,1261,0.80589,721,-0.8058
ENSG00000164919,COX6C,862,0.18498,758,-0.1849
ENSG00000147669,POLR2K,120,-0.2566,144,0.25662
ENSG00000186106,ANKRD46,15,-3.5006,172,3.50068
ENSG00000070756,PABPC1,846,1.85071,234,-1.8507
ENSG00000164924,YWHAZ,723,-0.3245,905,0.32454
ENSG00000104490,NCALD,204,0.15902,183,-0.1590
ENSG00000155096,AZIN1,268,0.54817,183,-0.5481
ENSG00000155097,ATP6V1C1,88,-1.1655,197,1.16555
ENSG00000164929,BAALC,528,0.49482,375,-0.4948
ENSG00000164830,OXR1,101,-0.5873,151,0.58730
ENSG00000104408,EIF3E,98,-0.6272,152,0.62723
ENSG00000104412,EMC2,299,1.69277,92,-1.6927
ENSG00000147642,SYBU,21,-3.2065,197,3.20658
ENSG00000147677,EIF3H,109,-0.1936,125,0.19364
ENSG00000164754,RAD21,238,0.14794,215,-0.1479
ENSG00000136960,ENPP2,304,1.73245,91,-1.7324
ENSG00000147684,NDUFB9,278,-0.0904,296,0.09041
ENSG00000132294,EFR3A,45,-2.1943,206,2.19435
ENSG00000104419,NDRG1,354,1.35305,138,-1.3530
ENSG00000180155,LYNX1,16,-3.0893,136,3.08930
ENSG00000176956,LY6H,163,-1.9802,643,1.98023
ENSG00000104529,EEF1D,324,1.49014,115,-1.4901
ENSG00000179950,PUF60,243,0.40080,184,-0.4008
ENSG00000178209,PLEC,449,2.72391,67,-2.7239
ENSG00000178719,GRINA,421,0.16806,374,-0.1680
ENSG00000179091,CYC1,90,-0.8258,159,0.82585
ENSG00000160948,VPS28,151,0.25195,127,-0.2519
ENSG00000161016,RPL8,1042,0.80994,594,-0.8099
ENSG00000080503,SMARCA2,123,-0.9922,246,0.99229
ENSG00000147853,AK3,252,1.53418,87,-1.5341
ENSG00000137038,DMAC1,158,-0.6067,241,0.60671
ENSG00000147862,NFIB,588,2.56591,99,-2.5659
ENSG00000164985,PSIP1,641,1.10843,297,-1.1084
ENSG00000155876,RRAGA,207,-0.5554,305,0.55548
ENSG00000137154,RPS6,1493,0.76393,879,-0.7639
ENSG00000107105,ELAVL2,124,-1.5788,373,1.57882
ENSG00000165264,NDUFB6,127,-0.3460,161,0.34601
ENSG00000086061,DNAJA1,323,-0.3949,425,0.39493
ENSG00000107262,BAG1,217,1.08491,102,-1.0849
ENSG00000086065,CHMP5,182,0.73280,109,-0.7328
ENSG00000168913,ENHO,1126,1.85282,311,-1.8528
ENSG00000165280,VCP,127,-1.4414,346,1.44147
ENSG00000122705,CLTA,217,-0.7403,363,0.74034
ENSG00000083067,TRPM3,125,0.86936,68,-0.8693
ENSG00000107372,ZFAND5,456,0.53347,315,-0.5334
ENSG00000135002,RFK,116,-1.4325,314,1.43252
ENSG00000156052,GNAQ,322,0.83753,180,-0.8375
ENSG00000135069,PSAT1,295,1.12673,135,-1.1267
ENSG00000135018,UBQLN1,15,-3.7025,198,3.70253
ENSG00000165119,HNRNPK,943,0.93011,495,-0.9301
ENSG00000148053,NTRK2,1728,1.55499,588,-1.5549
ENSG00000135052,GOLM1,461,1.55380,157,-1.5538
ENSG00000135070,ISCA1,165,0.03860,160,-0.0386
ENSG00000106723,SPIN1,86,-1.4791,241,1.47915
ENSG00000130956,HABP4,106,-1.2684,255,1.26841
ENSG00000136938,ANP32B,277,1.03214,135,-1.0321
ENSG00000136928,GABBR2,33,-2.2783,163,2.27839
ENSG00000165152,TMEM246,59,-2.0860,254,2.08601
ENSG00000070214,SLC44A1,511,1.99010,128,-1.9901
ENSG00000119318,RAD23B,79,-0.7108,129,0.71081
ENSG00000106771,TMEM245,196,0.90025,105,-0.9002
ENSG00000260230,FRRS1L,52,-2.4533,289,2.45330
ENSG00000157654,PALM2-AKAP2,125,-0.5782,186,0.57827
ENSG00000136810,TXN,408,0.76139,241,-0.7613
ENSG00000173258,ZNF483,277,-1.1839,629,1.18396
ENSG00000136888,ATP6V1G1,312,-0.0965,333,0.09652
ENSG00000119396,RAB14,120,-0.6829,193,0.68293
ENSG00000148180,GSN,477,1.52919,165,-1.5291
ENSG00000148175,STOM,106,0.12803,97,-0.1280
ENSG00000119421,NDUFA8,186,-0.4485,253,0.44854
ENSG00000011454,RABGAP1,232,1.32764,92,-1.3276
ENSG00000136930,PSMB7,209,0.32575,167,-0.3257
ENSG00000136942,RPL35,1293,0.53501,892,-0.5350
ENSG00000044574,HSPA5,637,1.21619,274,-1.2161
ENSG00000197958,RPL12,482,0.52252,335,-0.5225
ENSG00000136854,STXBP1,57,-3.4863,641,3.48638
ENSG00000106992,AK1,1918,2.93170,251,-2.9317
ENSG00000171159,C9orf16,201,0.11414,186,-0.1141
ENSG00000106976,DNM1,215,-1.2394,508,1.23942
ENSG00000167110,GOLGA2,259,0.70439,159,-0.7043
ENSG00000197694,SPTAN1,413,-0.3771,537,0.37717
ENSG00000119335,SET,293,0.50488,207,-0.5048
ENSG00000136802,LRRC8A,132,0.29638,108,-0.2963
ENSG00000119383,PTPA,263,0.40606,198,-0.4060
ENSG00000136819,C9orf78,150,0.21064,130,-0.2106
ENSG00000187239,FNBP1,363,2.32887,72,-2.3288
ENSG00000107130,NCS1,139,-1.0544,290,1.05449
ENSG00000130723,PRRC2B,126,-0.3898,166,0.38984
ENSG00000148303,RPL7A,675,-0.2868,823,0.28682
ENSG00000123454,DBH,3,-7.8078,824,7.80781
ENSG00000130558,OLFM1,302,-0.5913,455,0.59132
ENSG00000148411,NACC2,264,2.04064,64,-2.0406
ENSG00000172889,EGFL7,15,-3.5990,190,3.59903
ENSG00000196642,RABL6,147,-0.3071,182,0.30712
ENSG00000054148,PHPT1,569,2.43014,105,-2.4301
ENSG00000107223,EDF1,393,-0.3501,501,0.35014
ENSG00000107317,PTGDS,4034,1.68704,1253,-1.6870
ENSG00000107331,ABCA2,280,1.59763,92,-1.5976
ENSG00000107281,NPDC1,541,0.49946,382,-0.4994
ENSG00000176978,DPP7,372,1.12546,170,-1.1254
ENSG00000176884,GRIN1,107,-2.0057,430,2.00572
ENSG00000188229,TUBB4B,1703,1.03370,832,-1.0337
ENSG00000165802,NSMF,701,2.87599,95,-2.8759
ENSG00000182154,MRPL41,217,0.78109,126,-0.7810
ENSG00000067064,IDI1,255,-0.1085,275,0.10858
ENSG00000067057,PFKP,389,-0.0734,409,0.07346
ENSG00000057608,GDI2,110,-0.5055,156,0.50557
ENSG00000165629,ATP5F1C,126,-0.6266,194,0.62663
ENSG00000123240,OPTN,235,-0.6867,379,0.68671
ENSG00000176244,ACBD7,82,0.04509,79,-0.0450
ENSG00000148468,FAM171A1,377,1.19543,164,-1.1954
ENSG00000026025,VIM,1103,3.75885,81,-3.7588
ENSG00000078114,NEBL,503,0.84468,280,-0.8446
ENSG00000150867,PIP4K2A,315,1.96290,80,-1.9629
ENSG00000148450,MSRB2,97,-0.1496,107,0.14961
ENSG00000107863,ARHGAP21,353,0.80900,201,-0.8090
ENSG00000099246,RAB18,231,-0.0920,246,0.09204
ENSG00000095787,WAC,222,0.38526,170,-0.3852
ENSG00000148516,ZEB1,141,0.58403,94,-0.5840
ENSG00000170759,KIF5B,255,0.47652,183,-0.4765
ENSG00000150093,ITGB1,190,0.80351,109,-0.8035
ENSG00000266412,NCOA4,48,-2.4496,263,2.44968
ENSG00000197444,OGDHL,5,-5.0892,185,5.08920
ENSG00000122873,CISD1,50,-2.4208,268,2.42082
ENSG00000237949,LINC00844,737,2.45025,134,-2.4502
ENSG00000165443,PHYHIPL,200,-0.2770,242,0.27707
ENSG00000151150,ANK3,66,-1.8651,241,1.86513
ENSG00000096746,HNRNPH3,290,1.17011,129,-1.1701
ENSG00000060339,CCAR1,369,2.32985,73,-2.3298
ENSG00000156515,HK1,334,-0.3755,434,0.37554
ENSG00000079332,SAR1A,231,0.67489,145,-0.6748
ENSG00000180817,PPA1,165,-1.6494,519,1.64941
ENSG00000166228,PCBD1,74,-1.4078,197,1.40787
ENSG00000197746,PSAP,2591,0.48523,1851,-0.4852
ENSG00000107742,SPOCK2,365,-0.8004,635,0.80045
ENSG00000138279,ANXA7,197,0.38457,151,-0.3845
ENSG00000107758,PPP3CB,237,-0.4182,317,0.41823
ENSG00000148660,CAMK2G,126,-0.7183,207,0.71839
ENSG00000165637,VDAC2,140,-0.6764,223,0.67640
ENSG00000138326,RPS24,1254,0.42466,934,-0.4246
ENSG00000165424,ZCCHC24,26,-1.6842,85,1.68424
ENSG00000122378,PRXL2A,457,0.46412,331,-0.4641
ENSG00000165678,GHITM,359,-0.3249,449,0.32492
ENSG00000107771,CCSER2,192,0.16457,172,-0.1645
ENSG00000173267,SNCG,157,-2.5870,944,2.58703
ENSG00000148671,ADIRF,323,1.76289,95,-1.7628
ENSG00000148672,GLUD1,411,0.15560,369,-0.1556
ENSG00000171862,PTEN,155,-0.0282,158,0.02829
ENSG00000180628,PCGF5,142,-0.2638,171,0.26389
ENSG00000148690,FRA10AC1,154,0.54771,105,-0.5477
ENSG00000077147,TM9SF3,214,0.89796,114,-0.8979
ENSG00000171314,PGAM1,361,-1.1399,797,1.13995
ENSG00000120053,GOT1,101,-1.7866,349,1.78669
ENSG00000099194,SCD,2286,1.71954,694,-1.7195
ENSG00000166136,NDUFB8,599,0.50696,421,-0.5069
ENSG00000198408,OGA,518,1.45507,189,-1.4550
ENSG00000107874,CUEDC2,195,0.70679,120,-0.7067
ENSG00000138107,ACTR1A,48,-2.0010,195,2.00106
ENSG00000138175,ARL3,224,0.05166,216,-0.0516
ENSG00000166275,BORCS7,187,0.56815,126,-0.5681
ENSG00000148798,INA,78,-2.6172,479,2.61728
ENSG00000173915,ATP5MD,744,0.52226,518,-0.5222
ENSG00000148834,GSTO1,179,-0.0919,191,0.09194
ENSG00000148700,ADD3,370,1.34376,145,-1.3437
ENSG00000108061,SHOC2,130,-0.7310,216,0.73106
ENSG00000150594,ADRA2A,10,-4.0539,180,4.05397
ENSG00000099204,ABLIM1,354,1.70397,108,-1.7039
ENSG00000165868,HSPA12A,159,-0.4926,224,0.49265
ENSG00000187164,SHTN1,5,-5.3685,212,5.36852
ENSG00000165646,SLC18A2,3,-7.4377,643,7.43770
ENSG00000107581,EIF3A,256,0.53559,176,-0.5355
ENSG00000165672,PRDX3,193,0.25918,161,-0.2591
ENSG00000198825,INPP5F,108,-3.0969,925,3.09690
ENSG00000166033,HTRA1,547,0.21866,470,-0.2186
ENSG00000065154,OAT,159,-1.3416,405,1.34169
ENSG00000107902,LHPP,285,1.57247,95,-1.5724
ENSG00000176171,BNIP3,431,0.43125,319,-0.4312
ENSG00000171798,KNDC1,244,0.17812,215,-0.1781
ENSG00000130643,CALY,677,-1.1520,1505,1.15209
ENSG00000127884,ECHS1,141,-0.6363,219,0.63630
ENSG00000185627,PSMD13,102,-0.6829,165,0.68299
ENSG00000142089,IFITM3,664,1.72338,201,-1.7233
ENSG00000174775,HRAS,30,-2.2645,148,2.26455
ENSG00000177156,TALDO1,238,0.43521,176,-0.4352
ENSG00000184524,CEND1,76,-2.3669,393,2.36699
ENSG00000177600,RPLP2,1295,0.97102,661,-0.9710
ENSG00000177700,POLR2L,293,-0.4080,389,0.40807
ENSG00000183020,AP2A2,104,-0.6470,163,0.64705
ENSG00000078902,TOLLIP,64,-1.4893,180,1.48931
ENSG00000117984,CTSD,834,0.65024,531,-0.6502
ENSG00000180176,TH,20,-4.9370,627,4.93700
ENSG00000110651,CD81,2397,1.90566,639,-1.9056
ENSG00000205531,NAP1L4,454,1.27108,188,-1.2710
ENSG00000244734,HBB,1476,3.89625,99,-3.8962
ENSG00000166313,APBB1,406,-0.6980,660,0.69806
ENSG00000166340,TPP1,243,1.32803,97,-1.3280
ENSG00000175390,EIF3F,269,1.29080,110,-1.2908
ENSG00000166441,RPL27A,1180,1.24436,498,-1.2443
ENSG00000175352,NRIP3,3,-5.2910,145,5.29100
ENSG00000205339,IPO7,72,-1.4165,193,1.41650
ENSG00000255823,MTRNR2L8,1338,-0.2273,1567,0.22731
ENSG00000110315,RNF141,254,1.49719,90,-1.4971
ENSG00000110321,EIF4G2,518,-0.2727,625,0.27278
ENSG00000050165,DKK3,594,-0.8559,1076,0.85593
ENSG00000129084,PSMA1,87,-1.2367,206,1.23670
ENSG00000110696,C11orf58,420,1.36146,163,-1.3614
ENSG00000110700,RPS13,940,1.05589,452,-1.0558
ENSG00000134333,LDHA,25,-4.4235,556,4.42355
ENSG00000198168,SVIP,130,-1.3804,338,1.38047
ENSG00000187398,LUZP2,380,1.27777,157,-1.2777
ENSG00000149100,EIF3M,50,-1.3170,126,1.31709
ENSG00000085063,CD59,493,-0.1518,548,0.15188
ENSG00000135387,CAPRIN1,379,0.93507,198,-0.9350
ENSG00000110436,SLC1A2,770,0.42524,573,-0.4252
ENSG00000166326,TRIM44,345,1.21112,149,-1.2111
ENSG00000149084,HSD17B12,332,0.67995,207,-0.6799
ENSG00000019505,SYT13,3,-6.2456,288,6.24568
ENSG00000121653,MAPK8IP1,261,-0.3380,330,0.33806
ENSG00000110514,MADD,108,-0.5912,163,0.59127
ENSG00000165916,PSMC3,318,0.44004,235,-0.4400
ENSG00000213619,NDUFS3,198,0.19349,173,-0.1934
ENSG00000172247,C1QTNF4,251,1.51726,88,-1.5172
ENSG00000211450,SELENOH,363,1.04057,176,-1.0405
ENSG00000110107,PRPF19,103,-1.3328,260,1.33286
ENSG00000006118,TMEM132A,192,0.37965,148,-0.3796
ENSG00000167986,DDB1,388,0.70256,238,-0.7025
ENSG00000134825,TMEM258,235,0.82833,132,-0.8283
ENSG00000134824,FADS2,525,1.18513,231,-1.1851
ENSG00000149485,FADS1,368,2.30612,74,-2.3061
ENSG00000167996,FTH1,4222,0.61195,2762,-0.6119
ENSG00000124942,AHNAK,480,3.67074,37,-3.6707
ENSG00000254772,EEF1G,558,-0.0083,561,0.00834
ENSG00000168000,BSCL2,229,-2.1777,1036,2.17774
ENSG00000162188,GNG3,15,-5.2477,585,5.24775
ENSG00000214753,HNRNPUL2,258,0.15695,232,-0.1569
ENSG00000168003,SLC3A2,114,-0.0798,120,0.07985
ENSG00000176485,PLAAT3,440,1.26113,183,-1.2611
ENSG00000133318,RTN3,664,-1.1832,1509,1.18325
ENSG00000176340,COX8A,489,0.07795,463,-0.0779
ENSG00000173511,VEGFB,302,0.85129,167,-0.8512
ENSG00000002330,BAD,118,0.35485,92,-0.3548
ENSG00000173113,TRMT112,169,-0.8938,314,0.89381
ENSG00000126432,PRDX5,1393,0.85912,768,-0.8591
ENSG00000110076,NRXN2,94,-1.2885,231,1.28850
ENSG00000168066,SF1,273,1.30281,110,-1.3028
ENSG00000213465,ARL2,283,0.74273,169,-0.7427
ENSG00000149809,TM7SF2,95,-0.6948,155,0.69484
ENSG00000149806,FAU,1056,0.89579,567,-0.8957
ENSG00000245532,NEAT1,1424,2.61829,231,-2.6182
ENSG00000251562,MALAT1,10928,1.97471,2780,-1.9747
ENSG00000172757,CFL1,1157,0.16478,1032,-0.1647
ENSG00000175602,CCDC85B,187,-0.7965,326,0.79650
ENSG00000087365,SF3B2,244,0.89084,131,-0.8908
ENSG00000174903,RAB1B,259,0.79548,149,-0.7954
ENSG00000179292,TMEM151A,18,-3.0746,156,3.07463
ENSG00000174684,B4GAT1,613,-0.4909,862,0.49097
ENSG00000174080,CTSF,428,2.08627,100,-2.0862
ENSG00000084207,GSTP1,627,0.58269,419,-0.5826
ENSG00000167792,NDUFV1,135,-0.5790,201,0.57905
ENSG00000110717,NDUFS8,186,-0.8509,337,0.85096
ENSG00000149357,LAMTOR1,246,-0.2514,293,0.25148
ENSG00000021300,PLEKHB1,908,1.35949,354,-1.3594
ENSG00000175582,RAB6A,371,0.22780,316,-0.2278
ENSG00000165434,PGM2L1,88,-1.4894,248,1.48942
ENSG00000118363,SPCS2,220,0.02824,216,-0.0282
ENSG00000137486,ARRB1,81,-1.1255,176,1.12556
ENSG00000149273,RPS3,486,0.25743,407,-0.2574
ENSG00000171533,MAP6,108,-1.2945,266,1.29451
ENSG00000074201,CLNS1A,139,0.17146,123,-0.1714
ENSG00000048649,RSF1,399,1.35089,156,-1.3508
ENSG00000151366,NDUFC2,347,-0.0803,367,0.08039
ENSG00000182103,FAM181B,520,3.47418,46,-3.4741
ENSG00000073921,PICALM,190,0.42618,141,-0.4261
ENSG00000149212,SESN3,251,0.75579,148,-0.7557
ENSG00000152558,TMEM123,521,3.62897,42,-3.6289
ENSG00000152578,GRIA4,99,-1.3566,254,1.35667
ENSG00000149313,AASDHPPT,305,0.95694,157,-0.9569
ENSG00000137710,RDX,808,2.46593,146,-2.4659
ENSG00000109846,CRYAB,1522,1.33641,603,-1.3364
ENSG00000149294,NCAM1,1026,0.79960,589,-0.7996
ENSG00000182985,CADM1,287,-0.1155,312,0.11552
ENSG00000160584,SIK3,156,-0.3864,204,0.38645
ENSG00000168092,PAFAH1B2,330,-0.5108,471,0.51088
ENSG00000137726,FXYD6,200,-1.7482,673,1.74822
ENSG00000167283,ATP5MG,386,-0.1639,432,0.16395
ENSG00000118058,KMT2A,260,1.95378,67,-1.9537
ENSG00000110367,DDX6,306,0.53766,210,-0.5376
ENSG00000118181,RPS25,1364,1.10549,633,-1.1054
ENSG00000154096,THY1,148,-2.4255,796,2.42554
ENSG00000196914,ARHGEF12,208,0.92462,109,-0.9246
ENSG00000109929,SC5D,271,0.41829,203,-0.4182
ENSG00000137642,SORL1,434,0.95464,224,-0.9546
ENSG00000109971,HSPA8,1261,0.48047,904,-0.4804
ENSG00000166257,SCN3B,246,0.13594,224,-0.1359
ENSG00000165478,HEPACAM,559,3.67741,43,-3.6774
ENSG00000149557,FEZ1,729,0.95677,375,-0.9567
ENSG00000149547,EI24,165,-0.1833,188,0.18339
ENSG00000084234,APLP2,383,-0.0331,392,0.03317
ENSG00000182667,NTM,334,0.31254,268,-0.3125
ENSG00000060237,WNK1,498,0.94887,258,-0.9488
ENSG00000004478,FKBP4,101,-0.5566,149,0.55668
ENSG00000111639,MRPL51,375,1.50596,132,-1.5059
ENSG00000111640,GAPDH,2560,-0.8097,4487,0.80979
ENSG00000111642,CHD4,296,0.73300,178,-0.7330
ENSG00000089693,MLF2,162,-0.9900,323,0.99001
ENSG00000159335,PTMS,328,0.84604,182,-0.8460
ENSG00000111667,USP5,11,-4.1370,206,4.13702
ENSG00000111669,TPI1,282,-1.5323,817,1.53234
ENSG00000111674,ENO2,307,-1.4972,866,1.49724
ENSG00000111678,C12orf57,269,-0.0237,274,0.02372
ENSG00000139182,CLSTN3,81,-1.9556,314,1.95569
ENSG00000059804,SLC2A3,51,-2.2180,239,2.21802
ENSG00000089818,NECAP1,99,-0.6345,154,0.63454
ENSG00000175899,A2M,394,2.07205,93,-2.0720
ENSG00000139112,GABARAPL1,144,-1.4450,392,1.44507
ENSG00000023734,STRAP,112,-1.2870,274,1.28709
ENSG00000008394,MGST1,519,1.50606,182,-1.5060
ENSG00000048540,LMO3,245,1.00006,122,-1.0000
ENSG00000111716,LDHB,970,0.11949,893,-0.1194
ENSG00000111726,CMAS,52,-2.8089,367,2.80896
ENSG00000060982,BCAT1,22,-2.6657,140,2.66577
ENSG00000123095,BHLHE41,574,2.76312,84,-2.7631
ENSG00000123106,CCDC91,185,1.02340,91,-1.0234
ENSG00000087470,DNM1L,224,0.03205,220,-0.0320
ENSG00000139116,KIF21A,102,-2.8598,747,2.85983
ENSG00000018236,CNTN1,210,-1.1050,452,1.10506
ENSG00000139168,ZCRB1,173,-0.3586,222,0.35862
ENSG00000111371,SLC38A1,228,0.27351,189,-0.2735
ENSG00000134294,SLC38A2,492,2.20169,107,-2.2016
ENSG00000139211,AMIGO2,51,-1.7454,172,1.74545
ENSG00000211584,SLC48A1,122,-0.2259,142,0.22590
ENSG00000152556,PFKM,71,-1.6235,218,1.62356
ENSG00000134287,ARF3,243,-0.6100,371,0.61007
ENSG00000123416,TUBA1B,828,-2.1205,3604,2.12051
ENSG00000167552,TUBA1A,2894,0.30351,2345,-0.3035
ENSG00000139644,TMBIM6,1014,1.18951,444,-1.1895
ENSG00000135472,FAIM2,513,-0.4774,715,0.47744
ENSG00000178449,COX14,183,-0.2281,214,0.22818
ENSG00000185432,METTL7A,867,1.89518,233,-1.8951
ENSG00000183283,DAZAP2,392,1.19469,171,-1.1946
ENSG00000063046,EIF4B,359,0.42267,268,-0.4226
ENSG00000167778,SPRYD3,293,-0.1231,319,0.12313
ENSG00000123349,PFDN5,835,0.81798,474,-0.8179
ENSG00000205352,PRR13,158,-0.1027,170,0.10272
ENSG00000197111,PCBP2,611,0.92179,322,-0.9217
ENSG00000135390,ATP5MC2,265,-0.1501,294,0.15013
ENSG00000094916,CBX5,201,-0.2086,232,0.20867
ENSG00000135486,HNRNPA1,464,0.57125,312,-0.5712
ENSG00000135441,BLOC1S1,370,1.46224,134,-1.4622
ENSG00000135404,CD63,934,1.03060,457,-1.0306
ENSG00000205323,SARNP,110,-0.3230,138,0.32308
ENSG00000111540,RAB5B,74,-1.4088,198,1.40885
ENSG00000197728,RPS26,1097,0.36868,850,-0.3686
ENSG00000170515,PA2G4,197,0.74043,118,-0.7404
ENSG00000229117,RPL41,3451,1.38734,1319,-1.3873
ENSG00000196465,MYL6B,238,0.32416,190,-0.3241
ENSG00000092841,MYL6,615,0.28191,506,-0.2819
ENSG00000110955,ATP5F1B,517,-0.8241,915,0.82416
ENSG00000110958,PTGES3,864,0.40799,651,-0.4079
ENSG00000196531,NACA,1043,0.78909,604,-0.7890
ENSG00000123384,LRP1,131,-0.4508,179,0.45083
ENSG00000175203,DCTN2,84,-1.1931,193,1.19315
ENSG00000155980,KIF5A,59,-2.2048,274,2.20481
ENSG00000135506,OS9,200,0.28645,164,-0.2864
ENSG00000111530,CAND1,252,0.75836,149,-0.7583
ENSG00000166226,CCT2,199,0.06677,190,-0.0667
ENSG00000080371,RAB21,216,-0.1914,247,0.19141
ENSG00000253719,ATXN7L3B,170,-0.5184,244,0.51841
ENSG00000187109,NAP1L1,871,1.20538,377,-1.2053
ENSG00000067715,SYT1,309,-1.6374,963,1.63747
ENSG00000058272,PPP1R12A,198,0.20972,171,-0.2097
ENSG00000072041,SLC6A15,108,-0.8066,188,0.80668
ENSG00000070961,ATP2B1,300,0.78046,174,-0.7804
ENSG00000102189,EEA1,128,0.32494,102,-0.3249
ENSG00000173598,NUDT4,160,0.34936,125,-0.3493
ENSG00000177889,UBE2N,312,0.25021,263,-0.2502
ENSG00000184752,NDUFA12,207,0.44246,152,-0.4424
ENSG00000111142,METAP2,392,1.37484,151,-1.3748
ENSG00000075415,SLC25A3,419,-0.2646,504,0.26468
ENSG00000185046,ANKS1B,275,0.06172,264,-0.0617
ENSG00000120805,ARL1,22,-3.5377,257,3.53779
ENSG00000196091,MYBPC1,208,1.66687,65,-1.6668
ENSG00000166598,HSP90B1,1142,1.07821,541,-1.0782
ENSG00000136003,ISCU,96,-1.4425,261,1.44253
ENSG00000174437,ATP2A2,201,-1.0218,408,1.02181
ENSG00000111229,ARPC3,253,1.20562,109,-1.2056
ENSG00000111275,ALDH2,754,1.28601,309,-1.2860
ENSG00000089248,ERP29,189,0.00046,189,-0.0004
ENSG00000089009,RPL6,833,0.31140,671,-0.3114
ENSG00000179295,PTPN11,355,0.50120,250,-0.5012
ENSG00000135108,FBXO21,151,-0.0475,156,0.04757
ENSG00000176871,WSB2,202,0.69644,125,-0.6964
ENSG00000089220,PEBP1,1740,-0.2990,2140,0.29909
ENSG00000089157,RPLP0,594,0.89234,320,-0.8923
ENSG00000111775,COX6A1,863,-0.2625,1035,0.26255
ENSG00000088986,DYNLL1,1811,0.96391,928,-0.9639
ENSG00000157837,SPPL3,78,-1.2430,185,1.24301
ENSG00000111011,RSRC2,259,2.03481,63,-2.0348
ENSG00000182196,ARL6IP4,249,0.29118,203,-0.2911
ENSG00000111328,CDK2AP1,977,2.77833,142,-2.7783
ENSG00000086598,TMED2,379,2.10060,88,-2.1006
ENSG00000119242,CCDC92,274,-0.4558,376,0.45585
ENSG00000179195,ZNF664,283,0.96594,145,-0.9659
ENSG00000150991,UBC,2742,0.54003,1886,-0.5400
ENSG00000132341,RAN,330,-0.3310,416,0.33103
ENSG00000196199,MPHOSPH8,270,0.06352,258,-0.0635
ENSG00000150459,SAP18,502,0.38894,383,-0.3889
ENSG00000165566,AMER2,471,1.64869,150,-1.6486
ENSG00000132970,WASF3,131,0.08652,124,-0.0865
ENSG00000122026,RPL21,1807,0.94746,937,-0.9474
ENSG00000132963,POMP,176,-0.6154,270,0.61547
ENSG00000122042,UBL3,478,0.32506,382,-0.3250
ENSG00000189403,HMGB1,903,1.04652,437,-1.0465
ENSG00000120694,HSPH1,557,0.07582,529,-0.0758
ENSG00000244754,N4BP2L2,156,0.48015,112,-0.4801
ENSG00000133083,DCLK1,305,-0.3579,391,0.35793
ENSG00000133104,SPART,287,1.00834,143,-1.0083
ENSG00000165572,KBTBD6,186,-0.1985,213,0.19859
ENSG00000023516,AKAP11,252,0.49710,178,-0.4971
ENSG00000102804,TSC22D1,544,0.51512,381,-0.5151
ENSG00000133112,TPT1,2279,0.79686,1312,-0.7968
ENSG00000123200,ZC3H13,272,0.89693,146,-0.8969
ENSG00000139684,ESD,194,0.19796,169,-0.1979
ENSG00000136156,ITM2B,1433,0.54141,984,-0.5414
ENSG00000165416,SUGT1,151,-0.0190,153,0.01900
ENSG00000118946,PCDH17,74,-2.2473,354,2.24735
ENSG00000184226,PCDH9,375,-0.2841,456,0.28411
ENSG00000188243,COMMD6,237,0.11818,218,-0.1181
ENSG00000178695,KCTD12,267,1.01445,132,-1.0144
ENSG00000005810,MYCBP2,74,-1.6934,239,1.69349
ENSG00000136160,EDNRB,470,0.92011,248,-0.9201
ENSG00000139746,RBM26,106,-0.4138,141,0.41385
ENSG00000139793,MBNL2,44,-2.2856,215,2.28563
ENSG00000134884,ARGLU1,383,1.88916,103,-1.8891
ENSG00000185950,IRS2,322,0.88209,174,-0.8820
ENSG00000185896,LAMP1,377,0.84003,211,-0.8400
ENSG00000183087,GAS6,225,0.24160,190,-0.2416
ENSG00000129538,RNASE1,437,1.87870,118,-1.8787
ENSG00000165795,NDRG2,2444,1.16321,1091,-1.1632
ENSG00000092199,HNRNPC,342,-0.1708,385,0.17086
ENSG00000092201,SUPT16H,139,0.24201,118,-0.2420
ENSG00000165821,SALL2,471,1.89112,126,-1.8911
ENSG00000129562,DAD1,155,0.13036,142,-0.1303
ENSG00000100804,PSMB5,316,-0.0208,320,0.02080
ENSG00000092096,SLC22A17,858,-0.7823,1476,0.78233
ENSG00000129559,NEDD8,239,-0.7390,399,0.73901
ENSG00000139910,NOVA1,406,0.17179,360,-0.1717
ENSG00000100852,ARHGAP5,686,1.92886,180,-1.9288
ENSG00000151320,AKAP6,175,-0.4154,233,0.41547
ENSG00000165410,CFL2,95,-0.3584,122,0.35842
ENSG00000151327,FAM177A1,176,0.28826,144,-0.2882
ENSG00000100902,PSMA6,133,-0.5110,190,0.51101
ENSG00000100934,SEC23A,128,-0.5228,184,0.52285
ENSG00000100442,FKBP3,364,0.86942,199,-0.8694
ENSG00000213741,RPS29,1073,0.52288,747,-0.5228
ENSG00000165502,RPL36AL,210,-0.0324,215,0.03246
ENSG00000165516,KLHDC2,158,-0.4646,219,0.46460
ENSG00000165525,NEMF,579,1.71088,177,-1.7108
ENSG00000282885,AL627171.2,1633,0.92434,860,-0.9243
ENSG00000198513,ATL1,87,-2.0550,362,2.05505
ENSG00000186469,GNG2,95,-1.2152,221,1.21523
ENSG00000087302,RTRAF,197,0.95276,102,-0.9527
ENSG00000100519,PSMC6,91,-1.8165,321,1.81654
ENSG00000197045,GMFB,180,0.03471,175,-0.0347
ENSG00000126777,KTN1,841,1.91752,222,-1.9175
ENSG00000070367,EXOC5,214,1.07398,102,-1.0739
ENSG00000131966,ACTR10,148,-0.7037,241,0.70378
ENSG00000032219,ARID4A,136,0.68708,84,-0.6870
ENSG00000100592,DAAM1,251,1.50522,88,-1.5052
ENSG00000139970,RTN1,810,-0.4443,1102,0.44432
ENSG00000100614,PPM1A,76,-0.8584,139,0.85842
ENSG00000100644,HIF1A,78,-1.5396,227,1.53964
ENSG00000126803,HSPA2,656,3.65868,52,-3.6586
ENSG00000258289,CHURC1,195,1.15910,87,-1.1591
ENSG00000100554,ATP6V1D,140,-1.1621,315,1.16217
ENSG00000072042,RDH11,403,0.54749,275,-0.5474
ENSG00000185650,ZFP36L1,1377,4.64763,54,-4.6476
ENSG00000100632,ERH,230,0.99396,115,-0.9939
ENSG00000100650,SRSF5,430,1.56895,145,-1.5689
ENSG00000133983,COX16,5,-4.9541,160,4.95412
ENSG00000119707,RBM25,318,1.21160,137,-1.2116
ENSG00000176903,PNMA1,211,0.56863,142,-0.5686
ENSG00000119655,NPC2,286,1.58672,95,-1.5867
ENSG00000170348,TMED10,393,0.81596,223,-0.8159
ENSG00000170345,FOS,2066,4.96429,66,-4.9642
ENSG00000198894,CIPC,233,0.99648,116,-0.9964
ENSG00000119705,SLIRP,141,-0.7496,238,0.74968
ENSG00000021645,NRXN3,157,-0.4134,209,0.41340
ENSG00000100764,PSMC1,34,-2.3211,173,2.32118
ENSG00000198668,CALM1,2608,0.11238,2412,-0.1123
ENSG00000183648,NDUFB1,616,0.76002,363,-0.7600
ENSG00000100604,CHGA,15,-4.0871,267,4.08714
ENSG00000100605,ITPK1,109,-0.5896,165,0.58965
ENSG00000165943,MOAP1,186,-1.0338,382,1.03383
ENSG00000089737,DDX24,512,-0.3736,663,0.37364
ENSG00000165949,IFI27,418,0.06849,398,-0.0684
ENSG00000119632,IFI27L2,689,2.09582,161,-2.0958
ENSG00000182512,GLRX5,138,-0.2348,162,0.23481
ENSG00000227051,C14orf132,156,0.04778,151,-0.0477
ENSG00000090060,PAPOLA,157,0.22524,134,-0.2252
ENSG00000196405,EVL,48,-1.2840,118,1.28402
ENSG00000185559,DLK1,76,-2.6222,471,2.62222
ENSG00000214548,MEG3,245,-1.9349,938,1.93498
ENSG00000078304,PPP2R5C,221,0.23745,187,-0.2374
ENSG00000197102,DYNC1H1,219,-1.1973,504,1.19732
ENSG00000080824,HSP90AA1,8163,-0.1261,8910,0.12619
ENSG00000100664,EIF5,429,-0.4236,575,0.42362
ENSG00000166165,CKB,3781,1.52197,1316,-1.5219
ENSG00000126214,KLC1,289,-1.6228,892,1.62285
ENSG00000156411,ATP5MPL,436,-0.5831,654,0.58316
ENSG00000099814,CEP170B,120,-0.0599,125,0.05990
ENSG00000185567,AHNAK2,22,-2.6642,142,2.66425
ENSG00000179364,PACS2,247,1.60862,81,-1.6086
ENSG00000182809,CRIP2,273,0.65994,173,-0.6599
ENSG00000182636,NDN,347,-0.0324,355,0.03247
ENSG00000128739,SNRPN,295,-1.6412,922,1.64126
ENSG00000224078,SNHG14,601,-0.8896,1114,0.88967
ENSG00000114062,UBE3A,190,0.50935,134,-0.5093
ENSG00000104067,TJP1,183,1.50710,64,-1.5071
ENSG00000166922,SCG5,16,-4.5193,388,4.51938
ENSG00000128463,EMC4,422,1.79875,121,-1.7987
ENSG00000134138,MEIS2,8,-3.9889,130,3.98895
ENSG00000140319,SRP14,1074,0.16642,957,-0.1664
ENSG00000187446,CHP1,115,0.00298,115,-0.0029
ENSG00000247556,OIP5-AS1,309,0.33210,246,-0.3321
ENSG00000137815,RTF1,133,-0.2652,160,0.26525
ENSG00000103994,ZNF106,145,0.22624,124,-0.2262
ENSG00000166963,MAP1A,202,-1.8474,728,1.84748
ENSG00000167004,PDIA3,356,0.94655,185,-0.9465
ENSG00000140264,SERF2,1453,0.88460,787,-0.8846
ENSG00000166734,CASC4,297,0.79727,171,-0.7972
ENSG00000104131,EIF3J,86,-1.4215,231,1.42155
ENSG00000166710,B2M,1099,1.30547,444,-1.3054
ENSG00000171766,GATM,483,2.43023,89,-2.4302
ENSG00000255302,EID1,321,-0.4957,453,0.49575
ENSG00000138592,USP8,400,1.43007,148,-1.4300
ENSG00000104112,SCG3,286,-0.1244,312,0.12443
ENSG00000128872,TMOD2,79,-1.4163,210,1.41631
ENSG00000069966,GNB5,168,0.48849,120,-0.4884
ENSG00000197535,MYO5A,48,-1.7894,168,1.78945
ENSG00000128989,ARPP19,275,-0.8704,504,0.87041
ENSG00000260916,CCPG1,194,0.42021,145,-0.4202
ENSG00000137776,SLTM,59,-1.4320,161,1.43200
ENSG00000182718,ANXA2,409,1.25577,171,-1.2557
ENSG00000185088,RPS27L,323,0.40818,243,-0.4081
ENSG00000103657,HERC1,194,0.44200,143,-0.4420
ENSG00000166794,PPIB,137,-0.3175,171,0.31750
ENSG00000180304,OAZ2,221,0.17234,196,-0.1723
ENSG00000074696,HACD3,351,-0.0438,362,0.04388
ENSG00000103769,RAB11A,296,-0.5160,423,0.51602
ENSG00000169032,MAP2K1,125,-1.0620,261,1.06207
ENSG00000174444,RPL4,916,0.62473,594,-0.6247
ENSG00000169018,FEM1B,75,-0.9158,142,0.91583
ENSG00000137818,RPLP1,2178,0.84940,1209,-0.8494
ENSG00000067225,PKM,1169,0.23992,990,-0.2399
ENSG00000156642,NPTN,94,-2.2719,457,2.27199
ENSG00000178741,COX5A,343,0.29408,279,-0.2940
ENSG00000198794,SCAMP5,25,-3.7679,350,3.76798
ENSG00000117906,RCN2,391,0.12402,359,-0.1240
ENSG00000140391,TSPAN3,1355,0.86195,745,-0.8619
ENSG00000140403,DNAJA4,228,-0.7719,390,0.77197
ENSG00000166426,CRABP1,31,-2.2295,147,2.22955
ENSG00000041357,PSMA4,79,-1.8114,279,1.81148
ENSG00000185787,MORF4L1,971,-0.2603,1163,0.26036
ENSG00000172379,ARNT2,245,0.89652,131,-0.8965
ENSG00000182774,RPS17,691,0.30440,560,-0.3044
ENSG00000166503,HDGFL3,125,-0.9042,235,0.90420
ENSG00000182054,IDH2,352,2.62882,56,-2.6288
ENSG00000182768,NGRN,388,-0.2363,458,0.23637
ENSG00000185518,SV2B,35,-2.1760,162,2.17606
ENSG00000272888,LINC01578,231,1.41411,86,-1.4141
ENSG00000173575,CHD2,247,0.45619,180,-0.4561
ENSG00000182253,SYNM,287,1.60607,94,-1.6060
ENSG00000242173,ARHGDIG,18,-4.1788,342,4.17882
ENSG00000103266,STUB1,244,0.02319,240,-0.0231
ENSG00000103260,METRN,1312,2.50894,230,-2.5089
ENSG00000007516,BAIAP3,638,0.62400,414,-0.6240
ENSG00000138834,MAPK8IP3,348,0.17464,308,-0.1746
ENSG00000140990,NDUFB10,257,0.13051,234,-0.1305
ENSG00000140988,RPS2,810,0.09788,757,-0.0978
ENSG00000127561,SYNGR3,39,-4.1480,696,4.14801
ENSG00000205937,RNPS1,168,-0.5610,248,0.56107
ENSG00000185883,ATP6V0C,1075,-0.4670,1486,0.46701
ENSG00000167978,SRRM2,391,1.49918,138,-1.4991
ENSG00000103363,ELOB,810,0.27492,670,-0.2749
ENSG00000103145,HCFC1R1,280,-0.3310,352,0.33106
ENSG00000089486,CDIP1,133,-1.5657,393,1.56575
ENSG00000183044,ABAT,535,0.49481,379,-0.4948
ENSG00000187555,USP7,252,1.47609,90,-1.4760
ENSG00000166780,BMERB1,154,-0.8220,273,0.82209
ENSG00000134419,RPS15A,712,0.89723,382,-0.8972
ENSG00000170540,ARL6IP1,279,-1.4312,752,1.43120
ENSG00000167191,GPRC5B,1037,1.35600,405,-1.3560
ENSG00000140740,UQCRC2,35,-2.2887,172,2.28870
ENSG00000004779,NDUFAB1,247,0.37495,191,-0.3749
ENSG00000090905,TNRC6A,174,-0.2037,200,0.20376
ENSG00000176046,NUPR1,376,1.10323,175,-1.1032
ENSG00000178952,TUFM,176,-0.8785,324,0.87854
ENSG00000103502,CDIPT,125,-0.6274,193,0.62745
ENSG00000174938,SEZ6L2,182,-2.0349,748,2.03494
ENSG00000149932,TMEM219,378,1.58000,126,-1.5800
ENSG00000090238,YPEL3,334,0.62368,217,-0.6236
ENSG00000102882,MAPK3,153,-0.4575,210,0.45756
ENSG00000099365,STX1B,228,0.53016,158,-0.5301
ENSG00000089280,FUS,365,1.18150,161,-1.1815
ENSG00000069329,VPS35,216,-1.6688,688,1.66881
ENSG00000129636,ITFG1,41,-2.3107,206,2.31070
ENSG00000103546,SLC6A2,21,-5.0838,714,5.08387
ENSG00000087258,GNAO1,266,-1.1086,574,1.10862
ENSG00000167005,NUDT21,206,0.21623,178,-0.2162
ENSG00000087250,MT3,2744,0.18836,2408,-0.1883
ENSG00000125148,MT2A,2598,1.48414,928,-1.4841
ENSG00000169715,MT1E,1301,1.30615,526,-1.3061
ENSG00000205364,MT1M,253,0.33848,200,-0.3384
ENSG00000198417,MT1F,318,1.47855,114,-1.4785
ENSG00000125144,MT1G,244,0.70065,150,-0.7006
ENSG00000187193,MT1X,622,1.65974,197,-1.6597
ENSG00000172775,FAM192A,276,1.11526,127,-1.1152
ENSG00000205336,ADGRG1,358,2.26727,74,-2.2672
ENSG00000103034,NDRG4,184,-2.6165,1131,2.61659
ENSG00000125166,GOT2,132,-0.5255,191,0.52558
ENSG00000135720,DYNC1LI2,377,0.52290,262,-0.5229
ENSG00000166595,CIAO2B,64,-1.3855,168,1.38552
ENSG00000159713,TPPP3,1301,2.85174,180,-2.8517
ENSG00000159720,ATP6V0D1,136,-1.5242,391,1.52426
ENSG00000102898,NUTF2,4,-5.4164,174,5.41640
ENSG00000205220,PSMB10,56,-1.7035,184,1.70355
ENSG00000132612,VPS4A,102,-1.1726,230,1.17266
ENSG00000090861,AARS,275,1.09936,128,-1.0993
ENSG00000172137,CALB2,367,-1.2291,861,1.22913
ENSG00000090863,GLG1,355,0.56525,240,-0.5652
ENSG00000034713,GABARAPL2,724,0.37604,558,-0.3760
ENSG00000166848,TERF2IP,397,-1.0341,814,1.03410
ENSG00000171724,VAT1L,166,-1.8011,581,1.80119
ENSG00000140905,GCSH,251,1.58854,83,-1.5885
ENSG00000153815,CMIP,228,-0.0738,240,0.07386
ENSG00000197943,PLCG2,218,1.37077,84,-1.3707
ENSG00000230989,HSBP1,864,1.53509,298,-1.5350
ENSG00000131143,COX4I1,900,0.40276,681,-0.4027
ENSG00000140941,MAP1LC3B,486,0.35723,379,-0.3572
ENSG00000103257,SLC7A5,52,-1.6760,167,1.67609
ENSG00000167522,ANKRD11,140,0.22851,119,-0.2285
ENSG00000167526,RPL13,2252,1.02784,1104,-1.0278
ENSG00000141002,TCF25,290,-0.2867,354,0.28671
ENSG00000258947,TUBB3,224,-2.7391,1501,2.73916
ENSG00000159842,ABR,160,0.12183,147,-0.1218
ENSG00000108953,YWHAE,1326,0.85885,731,-0.8588
ENSG00000167193,CRK,127,-0.4871,178,0.48712
ENSG00000007168,PAFAH1B1,190,-1.1719,429,1.17198
ENSG00000142507,PSMB6,189,0.11738,174,-0.1173
ENSG00000108528,SLC25A11,209,0.54892,143,-0.5489
ENSG00000108518,PFN1,330,-0.2151,383,0.21518
ENSG00000029725,RABEP1,183,0.23002,156,-0.2300
ENSG00000108561,C1QBP,230,0.93102,120,-0.9310
ENSG00000219200,RNASEK,423,-0.5396,614,0.53962
ENSG00000072778,ACADVL,355,1.35828,138,-1.3582
ENSG00000170296,GABARAP,798,0.39576,606,-0.3957
ENSG00000132507,EIF5A,182,-0.7866,314,0.78663
ENSG00000174282,ZBTB4,352,1.55304,120,-1.5530
ENSG00000181222,POLR2A,84,-0.3584,108,0.35846
ENSG00000161960,EIF4A1,273,-0.5261,393,0.52614
ENSG00000129245,FXR2,81,-1.1024,175,1.10243
ENSG00000129244,ATP1B2,1154,2.06225,276,-2.0622
ENSG00000183011,NAA38,281,0.18526,247,-0.1852
ENSG00000220205,VAMP2,231,-1.8722,848,1.87224
ENSG00000161970,RPL26,623,-0.0844,661,0.08449
ENSG00000133026,MYH10,291,1.58158,97,-1.5815
ENSG00000065559,MAP2K4,104,-1.0915,221,1.09150
ENSG00000109099,PMP22,618,3.20576,66,-3.2057
ENSG00000141027,NCOR1,241,0.92603,127,-0.9260
ENSG00000170315,UBB,2014,-0.5473,2944,0.54734
ENSG00000175061,SNHG29,165,-0.3139,205,0.31398
ENSG00000133030,MPRIP,262,0.97690,133,-0.9769
ENSG00000175662,TOM1L2,147,0.68100,92,-0.6810
ENSG00000091542,ALKBH5,104,-0.4897,147,0.48971
ENSG00000124422,USP22,468,-0.4786,652,0.47868
ENSG00000256618,MTRNR2L1,230,0.00531,229,-0.0053
ENSG00000109046,WSB1,190,0.44237,140,-0.4423
ENSG00000109107,ALDOC,800,-0.8713,1464,0.87139
ENSG00000198242,RPL23A,583,0.90215,312,-0.9021
ENSG00000063015,SEZ6,70,-1.6492,219,1.64921
ENSG00000160551,TAOK1,227,0.84059,126,-0.8405
ENSG00000196712,NF1,63,-1.5055,181,1.50550
ENSG00000126861,OMG,351,1.90765,93,-1.9076
ENSG00000172301,COPRS,270,0.79015,156,-0.7901
ENSG00000006125,AP2B1,348,0.37834,267,-0.3783
ENSG00000277791,PSMB3,123,-0.4394,168,0.43948
ENSG00000276293,PIP4K2B,280,0.30577,226,-0.3057
ENSG00000125691,RPL23,995,0.77965,579,-0.7796
ENSG00000108298,RPL19,1199,0.84168,669,-0.8416
ENSG00000126351,THRA,524,1.20009,228,-1.2000
ENSG00000108349,CASC3,166,1.17897,73,-1.1789
ENSG00000171475,WIPF2,287,1.69801,88,-1.6980
ENSG00000173812,EIF1,1427,0.51486,999,-0.5148
ENSG00000131473,ACLY,286,0.51004,201,-0.5100
ENSG00000173786,CNP,1213,1.75528,359,-1.7552
ENSG00000168259,DNAJC7,126,-0.7628,213,0.76286
ENSG00000108774,RAB5C,283,0.83314,159,-0.8331
ENSG00000033627,ATP6V0A1,225,-1.0775,476,1.07756
ENSG00000183978,COA3,167,0.49761,118,-0.4976
ENSG00000131469,RPL27,689,0.49809,488,-0.4980
ENSG00000108828,VAT1,180,-1.6091,550,1.60919
ENSG00000108830,RND2,242,0.49455,171,-0.4945
ENSG00000108861,DUSP3,153,0.36175,119,-0.3617
ENSG00000141349,G6PC3,209,-0.0285,213,0.02851
ENSG00000108840,HDAC5,128,0.26629,106,-0.2662
ENSG00000108309,RUNDC3A,12,-4.8287,346,4.82874
ENSG00000131095,GFAP,28742,2.67635,4496,-2.6763
ENSG00000136448,NMT1,174,0.25872,146,-0.2587
ENSG00000186868,MAPT,176,-1.5223,507,1.52232
ENSG00000073969,NSF,172,-2.2408,815,2.24086
ENSG00000141279,NPEPPS,151,-0.3217,189,0.32179
ENSG00000108424,KPNB1,322,0.57820,216,-0.5782
ENSG00000082641,NFE2L1,288,0.40225,218,-0.4022
ENSG00000159199,ATP5MC1,123,-1.1383,272,1.13835
ENSG00000167085,PHB,107,-0.2701,129,0.27010
ENSG00000108826,MRPL27,139,-0.1575,155,0.15759
ENSG00000154945,ANKRD40,84,0.03914,81,-0.0391
ENSG00000108848,LUC7L3,359,0.55061,245,-0.5506
ENSG00000008294,SPAG9,335,1.48816,119,-1.4881
ENSG00000239672,NME1,97,-1.1615,218,1.16159
ENSG00000243678,NME2,300,-0.4240,403,0.42401
ENSG00000153944,MSI2,557,2.19719,121,-2.1971
ENSG00000264364,DYNLL2,548,-0.0561,569,0.05619
ENSG00000108387,SEPTIN4,115,-1.2099,267,1.20995
ENSG00000108395,TRIM37,64,-1.1904,146,1.19045
ENSG00000141367,CLTC,436,-0.4639,601,0.46396
ENSG00000008283,CYB561,172,-1.4315,464,1.43153
ENSG00000198231,DDX42,396,1.41872,148,-1.4187
ENSG00000087191,PSMC5,204,-0.3375,258,0.33750
ENSG00000266402,SNHG25,553,2.01172,137,-2.0117
ENSG00000108654,DDX5,1073,1.89346,289,-1.8934
ENSG00000197170,PSMD12,104,-0.8635,189,0.86351
ENSG00000171634,BPTF,409,1.38111,157,-1.3811
ENSG00000108946,PRKAR1A,574,-0.2928,703,0.29282
ENSG00000180616,SSTR2,24,-3.1835,224,3.18354
ENSG00000179604,CDC42EP4,383,2.35169,75,-2.3516
ENSG00000172809,RPL38,772,0.18701,678,-0.1870
ENSG00000141540,TTYH2,270,1.78433,78,-1.7843
ENSG00000167863,ATP5PD,241,0.07554,229,-0.0755
ENSG00000189159,JPT1,88,-1.3406,223,1.34060
ENSG00000188612,SUMO2,655,1.20235,285,-1.2023
ENSG00000125445,MRPS7,109,0.05761,105,-0.0576
ENSG00000132475,H3F3B,1311,2.25633,274,-2.2563
ENSG00000132471,WBP2,562,-0.0019,562,0.00193
ENSG00000182534,MXRA7,343,0.37457,264,-0.3745
ENSG00000161547,SRSF2,210,0.09046,197,-0.0904
ENSG00000035862,TIMP2,170,-1.7196,561,1.71963
ENSG00000184009,ACTG1,1934,0.32633,1543,-0.3263
ENSG00000225663,MCRIP1,316,0.95765,163,-0.9576
ENSG00000185624,P4HB,207,-0.1260,226,0.12605
ENSG00000141522,ARHGDIA,222,-0.6529,349,0.65295
ENSG00000141552,ANAPC11,154,-0.0754,163,0.07543
ENSG00000197063,MAFG,75,-0.6440,117,0.64401
ENSG00000169738,DCXR,267,-0.0153,270,0.01531
ENSG00000169727,GPS1,59,-1.5549,174,1.55491
ENSG00000169710,FASN,334,1.29819,136,-1.2981
ENSG00000141551,CSNK1D,181,0.92301,95,-0.9230
ENSG00000141580,WDR45B,64,-0.5722,95,0.57221
ENSG00000101557,USP14,82,-1.5207,236,1.52070
ENSG00000118680,MYL12B,159,-0.6969,259,0.69694
ENSG00000082397,EPB41L3,148,-1.0574,308,1.05743
ENSG00000173482,PTPRM,60,-1.7190,200,1.71908
ENSG00000178127,NDUFV2,132,-0.7447,221,0.74473
ENSG00000101745,ANKRD12,429,0.69512,265,-0.6951
ENSG00000017797,RALBP1,183,0.58501,122,-0.5850
ENSG00000168461,RAB31,120,-0.0962,128,0.09629
ENSG00000101558,VAPA,348,0.04050,338,-0.0405
ENSG00000171885,AQP4,3412,2.19411,745,-2.1941
ENSG00000134769,DTNA,909,2.28779,186,-2.2877
ENSG00000166974,MAPRE2,220,-0.3211,276,0.32118
ENSG00000141425,RPRD1A,145,0.26388,121,-0.2638
ENSG00000141424,SLC39A6,69,-0.9050,130,0.90508
ENSG00000134779,TPGS2,145,-0.7032,236,0.70323
ENSG00000101489,CELF4,419,-0.3161,521,0.31615
ENSG00000132872,SYT4,415,-1.4466,1132,1.44660
ENSG00000141469,SLC14A1,500,2.07017,119,-2.0701
ENSG00000152234,ATP5F1A,719,0.02808,705,-0.0280
ENSG00000177576,C18orf32,317,0.49294,225,-0.4929
ENSG00000265681,RPL17,1776,0.88959,958,-0.8895
ENSG00000196628,TCF4,448,2.21863,96,-2.2186
ENSG00000091164,TXNL1,198,0.23538,168,-0.2353
ENSG00000134440,NARS,129,-0.5609,191,0.56094
ENSG00000166562,SEC11C,208,-0.2119,241,0.21191
ENSG00000133313,CNDP2,479,1.75686,141,-1.7568
ENSG00000150656,CNDP1,69,-1.2126,160,1.21264
ENSG00000197971,MBP,1134,-1.6909,3663,1.69096
ENSG00000141759,TXNL4A,365,0.52142,254,-0.5214
ENSG00000172270,BSG,785,0.61942,511,-0.6194
ENSG00000099864,PALM,113,-0.5974,171,0.59748
ENSG00000099817,POLR2E,125,-0.5801,187,0.58015
ENSG00000167468,GPX4,1078,0.36980,834,-0.3698
ENSG00000099624,ATP5F1D,527,0.13557,480,-0.1355
ENSG00000099622,CIRBP,787,1.56762,265,-1.5676
ENSG00000115286,NDUFS7,71,-2.0862,303,2.08621
ENSG00000115268,RPS15,1578,0.60850,1035,-0.6085
ENSG00000115266,APC2,62,-1.2887,153,1.28870
ENSG00000127540,UQCR11,566,0.62626,366,-0.6262
ENSG00000129968,ABHD17A,226,1.25607,94,-1.2560
ENSG00000065000,AP3D1,203,0.09884,189,-0.0988
ENSG00000104904,OAZ1,785,0.31302,632,-0.3130
ENSG00000130332,LSM7,179,-0.0204,182,0.02041
ENSG00000099800,TIMM13,93,-1.2400,221,1.24006
ENSG00000104964,TLE5,369,-1.1185,802,1.11858
ENSG00000161082,CELF5,60,-2.1550,268,2.15503
ENSG00000141905,NFIC,447,2.48948,79,-2.4894
ENSG00000167654,ATCAY,35,-2.9510,275,2.95101
ENSG00000167658,EEF2,856,0.66655,539,-0.6665
ENSG00000178951,ZBTB7A,71,-1.7442,239,1.74423
ENSG00000126934,MAP2K2,105,-1.3672,271,1.36728
ENSG00000167671,UBXN6,216,0.57133,145,-0.5713
ENSG00000130255,RPL36,1509,1.12144,693,-1.1214
ENSG00000174917,MICOS13,304,0.66856,191,-0.6685
ENSG00000174886,NDUFA11,340,-0.6579,537,0.65798
ENSG00000105519,CAPS,2529,10.7452,1,-10.745
ENSG00000125652,ALKBH7,154,0.81190,87,-0.8119
ENSG00000125648,SLC25A23,261,0.56251,176,-0.5625
ENSG00000104833,TUBB4A,579,-0.1628,649,0.16285
ENSG00000229833,PET100,299,0.32570,238,-0.3257
ENSG00000181029,TRAPPC5,187,-0.8473,336,0.84732
ENSG00000178531,CTXN1,237,0.78745,137,-0.7874
ENSG00000267855,NDUFA7,169,0.20633,147,-0.2063
ENSG00000233927,RPS28,1336,0.01257,1324,-0.0125
ENSG00000185236,RAB11B,224,0.70926,137,-0.7092
ENSG00000099783,HNRNPM,292,0.07039,278,-0.0703
ENSG00000198258,UBL5,1006,0.95449,519,-0.9544
ENSG00000127445,PIN1,207,-1.0739,437,1.07395
ENSG00000105401,CDC37,131,-0.5895,198,0.58953
ENSG00000129355,CDKN2D,175,-0.4684,242,0.46845
ENSG00000129353,SLC44A2,202,1.38302,77,-1.3830
ENSG00000105518,TMEM205,110,0.25084,92,-0.2508
ENSG00000105520,PLPPR2,67,-1.6941,219,1.69414
ENSG00000196361,ELAVL3,118,-2.0695,496,2.06952
ENSG00000105583,WDR83OS,223,0.38468,171,-0.3846
ENSG00000105576,TNPO2,144,-0.2397,170,0.23976
ENSG00000123144,TRIR,192,0.92298,101,-0.9229
ENSG00000171223,JUNB,525,2.32287,105,-2.3228
ENSG00000167815,PRDX2,625,-0.3993,824,0.39931
ENSG00000179218,CALR,1023,1.72798,308,-1.7279
ENSG00000179262,RAD23A,95,-0.9669,186,0.96693
ENSG00000179271,GADD45GIP1,321,0.93988,167,-0.9398
ENSG00000008441,NFIX,669,3.65527,53,-3.6552
ENSG00000104979,C19orf53,227,0.33434,180,-0.3343
ENSG00000072062,PRKACA,122,-1.1559,272,1.15596
ENSG00000072071,ADGRL1,237,0.91091,126,-0.9109
ENSG00000132002,DNAJB1,290,0.74798,173,-0.7479
ENSG00000099797,TECR,233,-0.3556,298,0.35566
ENSG00000099795,NDUFB7,190,-1.0304,388,1.03047
ENSG00000141867,BRD4,185,0.43545,137,-0.4354
ENSG00000072958,AP1M1,103,-1.0830,219,1.08306
ENSG00000105393,BABAM1,140,-0.1294,153,0.12946
ENSG00000130311,DDA1,3,-5.6149,181,5.61493
ENSG00000105640,RPL18A,992,1.08721,467,-1.0872
ENSG00000105649,RAB3A,14,-4.3408,293,4.34085
ENSG00000130522,JUND,1054,1.40818,397,-1.4081
ENSG00000130520,LSM4,116,-1.5035,329,1.50353
ENSG00000105701,FKBP8,259,0.50798,182,-0.5079
ENSG00000221983,UBA52,1128,0.33948,891,-0.3394
ENSG00000006015,REX1BD,70,-1.4430,190,1.44302
ENSG00000105696,TMEM59L,339,-0.7706,579,0.77066
ENSG00000105669,COPE,376,1.23396,159,-1.2339
ENSG00000186010,NDUFA13,548,-0.5484,802,0.54848
ENSG00000169021,UQCRFS1,194,0.07174,185,-0.0717
ENSG00000105185,PDCD5,70,-1.5407,204,1.54076
ENSG00000105220,GPI,329,-0.4638,454,0.46381
ENSG00000266964,FXYD1,818,2.37517,157,-2.3751
ENSG00000105698,USF2,276,1.37191,106,-1.3719
ENSG00000105695,MAG,505,2.28411,103,-2.2841
ENSG00000126267,COX6B1,483,-0.1705,543,0.17053
ENSG00000105290,APLP1,622,0.55298,424,-0.5529
ENSG00000105270,CLIP3,207,-1.9163,783,1.91630
ENSG00000105258,POLR2I,348,1.09613,163,-1.0961
ENSG00000105254,TBCB,425,0.08436,401,-0.0843
ENSG00000126247,CAPNS1,497,-0.0281,507,0.02810
ENSG00000167642,SPINT2,112,-1.8715,412,1.87156
ENSG00000167641,PPP1R14A,505,2.06403,120,-2.0640
ENSG00000099341,PSMD8,102,-1.6127,313,1.61275
ENSG00000178982,EIF3K,224,-0.0163,226,0.01632
ENSG00000130402,ACTN4,306,1.21979,131,-1.2197
ENSG00000104823,ECH1,214,0.45456,156,-0.4545
ENSG00000104824,HNRNPL,241,1.05733,116,-1.0573
ENSG00000068903,SIRT2,239,-0.0792,252,0.07929
ENSG00000063322,MED29,170,0.28648,139,-0.2864
ENSG00000105193,RPS16,957,1.03225,468,-1.0322
ENSG00000105223,PLD3,198,-2.4750,1101,2.47506
ENSG00000105372,RPS19,1058,0.71266,645,-0.7126
ENSG00000105404,RABAC1,293,-0.5644,434,0.56442
ENSG00000105409,ATP1A3,60,-3.2284,566,3.22842
ENSG00000105767,CADM4,292,1.77053,85,-1.7705
ENSG00000130203,APOE,2614,0.62453,1695,-0.6245
ENSG00000104853,CLPTM1,255,0.17152,227,-0.1715
ENSG00000125746,EML2,18,-2.9735,148,2.97358
ENSG00000125743,SNRPD2,345,1.01001,171,-1.0100
ENSG00000182013,PNMA8A,255,-0.4940,360,0.49400
ENSG00000204851,PNMA8B,391,0.02461,385,-0.0246
ENSG00000160014,CALM3,301,-2.0376,1238,2.03768
ENSG00000042753,AP2S1,134,-0.8786,248,0.87860
ENSG00000160007,ARHGAP35,212,-0.3360,268,0.33603
ENSG00000130748,TMEM160,45,-1.3939,119,1.39392
ENSG00000105402,NAPA,171,-0.4822,239,0.48229
ENSG00000105373,NOP53,223,1.61431,72,-1.6143
ENSG00000178980,SELENOW,989,-0.3108,1227,0.31084
ENSG00000063177,RPL18,841,0.49792,595,-0.4979
ENSG00000087086,FTL,1962,0.25332,1646,-0.2533
ENSG00000177380,PPFIA3,133,0.33280,105,-0.3328
ENSG00000142541,RPL13A,1580,0.55939,1072,-0.5593
ENSG00000142534,RPS11,1157,0.75229,687,-0.7522
ENSG00000126457,PRMT1,142,-0.2755,172,0.27559
ENSG00000196961,AP2A1,102,-0.9335,194,0.93354
ENSG00000104960,PTOV1,228,-0.3585,292,0.35854
ENSG00000131409,LRRC4B,121,-0.7315,202,0.73157
ENSG00000105379,ETFB,224,0.30852,181,-0.3085
ENSG00000105568,PPP2R1A,462,-0.4513,632,0.45131
ENSG00000170906,NDUFA3,554,-0.2070,639,0.20705
ENSG00000125505,MBOAT7,183,-1.0658,384,1.06581
ENSG00000170889,RPS9,1185,1.13653,539,-1.1365
ENSG00000167614,TTYH1,1271,2.20035,276,-2.2003
ENSG00000108107,RPL28,1038,-0.1093,1120,0.10939
ENSG00000198300,PEG3,573,-1.2620,1375,1.26204
ENSG00000121413,ZSCAN18,390,0.70414,239,-0.7041
ENSG00000083845,RPS5,621,1.07262,295,-1.0726
ENSG00000130725,UBE2M,218,-0.4976,308,0.49760
ENSG00000088832,FKBP1A,129,-0.6327,200,0.63277
ENSG00000088833,NSFL1C,308,0.95687,159,-0.9568
ENSG00000198053,SIRPA,325,1.43112,120,-1.4311
ENSG00000132670,PTPRA,462,0.49517,328,-0.4951
ENSG00000125901,MRPS26,95,-1.0766,200,1.07667
ENSG00000171867,PRNP,1000,0.10818,928,-0.1081
ENSG00000089063,TMEM230,331,0.78557,192,-0.7855
ENSG00000101290,CDS2,153,-0.0781,161,0.07810
ENSG00000089199,CHGB,18,-4.3578,375,4.35780
ENSG00000125827,TMX4,344,-0.5944,519,0.59447
ENSG00000132639,SNAP25,390,-2.1944,1786,2.19444
ENSG00000132640,BTBD3,223,0.15657,200,-0.1565
ENSG00000125868,DSTN,581,-0.2471,690,0.24718
ENSG00000125814,NAPB,157,-2.5459,921,2.54595
ENSG00000101439,CST3,7062,1.90879,1880,-1.9087
ENSG00000101474,APMAP,165,-0.0209,168,0.02097
ENSG00000197586,ENTPD6,27,-3.3129,272,3.31294
ENSG00000100994,PYGB,294,0.12184,270,-0.1218
ENSG00000125968,ID1,413,2.42170,77,-2.4217
ENSG00000101400,SNTA1,564,2.19368,123,-2.1936
ENSG00000101421,CHMP4B,208,0.33201,165,-0.3320
ENSG00000125977,EIF2S2,261,0.71416,159,-0.7141
ENSG00000125971,DYNLRB1,446,-0.0069,449,0.00693
ENSG00000101460,MAP1LC3A,123,-2.0344,507,2.03445
ENSG00000125991,ERGIC3,319,1.26557,132,-1.2655
ENSG00000125995,ROMO1,294,0.99734,147,-0.9973
ENSG00000131051,RBM39,396,1.69198,122,-1.6919
ENSG00000171222,SCAND1,411,1.08609,194,-1.0860
ENSG00000260032,NORAD,1001,-0.1966,1148,0.19668
ENSG00000088367,EPB41L1,151,-0.6945,245,0.69450
ENSG00000101079,NDRG3,11,-4.7002,299,4.70025
ENSG00000118705,RPN2,201,0.48107,144,-0.4810
ENSG00000166619,BLCAP,274,-1.0084,553,1.00841
ENSG00000053438,NNAT,1029,2.55287,175,-2.5528
ENSG00000124177,CHD6,139,0.41623,104,-0.4162
ENSG00000132824,SERINC3,156,-1.5470,458,1.54702
ENSG00000166913,YWHAB,1038,-0.6494,1629,0.64943
ENSG00000124145,SDC4,491,2.22814,104,-2.2281
ENSG00000244274,DBNDD2,503,1.14486,227,-1.1448
ENSG00000100979,PLTP,1043,4.77779,38,-4.7777
ENSG00000124140,SLC12A5,126,-0.7064,206,0.70642
ENSG00000054793,ATP9A,292,-0.0319,298,0.03192
ENSG00000064787,BCAS1,8,-4.3496,164,4.34962
ENSG00000101132,PFDN4,53,-1.2451,127,1.24511
ENSG00000022277,RTF2,242,1.33558,96,-1.3355
ENSG00000087460,GNAS,2239,-1.2299,5252,1.22997
ENSG00000124172,ATP5F1E,1586,0.20552,1376,-0.2055
ENSG00000101182,PSMA7,324,0.44525,238,-0.4452
ENSG00000171858,RPS21,743,-0.0590,774,0.05902
ENSG00000101210,EEF1A2,81,-3.2164,755,3.21643
ENSG00000125534,PPDPF,481,0.79581,277,-0.7958
ENSG00000197457,STMN3,278,-1.2269,652,1.22696
ENSG00000101152,DNAJC5,27,-3.5061,307,3.50613
ENSG00000171703,TCEA2,197,0.19409,172,-0.1940
ENSG00000155304,HSPA13,117,-0.4794,164,0.47946
ENSG00000154723,ATP5PF,353,-0.1744,398,0.17448
ENSG00000142192,APP,682,-0.1329,748,0.13299
ENSG00000156261,CCT8,79,-1.4026,209,1.40264
ENSG00000142168,SOD1,984,-0.2250,1150,0.22508
ENSG00000159082,SYNJ1,61,-1.5876,185,1.58768
ENSG00000184221,OLIG1,355,1.70416,109,-1.7041
ENSG00000159140,SON,549,0.59297,364,-0.5929
ENSG00000205726,ITSN1,22,-2.8108,159,2.81080
ENSG00000241837,ATP5PO,335,-0.0254,341,0.02542
ENSG00000159200,RCAN1,117,-0.0334,120,0.03347
ENSG00000159228,CBR1,414,1.03940,201,-1.0394
ENSG00000182670,TTC3,603,0.30983,487,-0.3098
ENSG00000185658,BRWD1,304,1.36982,117,-1.3698
ENSG00000182093,GET1,361,1.30339,146,-1.3033
ENSG00000160194,NDUFV3,153,0.75164,91,-0.7516
ENSG00000160209,PDXK,206,-0.5301,297,0.53017
ENSG00000160213,CSTB,101,-1.1712,227,1.17129
ENSG00000160216,AGPAT3,404,2.46111,73,-2.4611
ENSG00000141959,PFKL,153,0.06000,147,-0.0600
ENSG00000184900,SUMO3,186,-0.7491,313,0.74912
ENSG00000183255,PTTG1IP,310,1.01310,154,-1.0131
ENSG00000160307,S100B,2405,1.31774,964,-1.3177
ENSG00000160310,PRMT2,272,-0.7471,457,0.74715
ENSG00000131100,ATP6V1E1,141,-1.9577,550,1.95778
ENSG00000070413,DGCR2,41,-2.3326,206,2.33262
ENSG00000100075,SLC25A1,42,-1.9622,164,1.96227
ENSG00000184113,CLDN5,473,2.03251,115,-2.0325
ENSG00000099901,RANBP1,231,1.14569,104,-1.1456
ENSG00000241973,PI4KA,40,-2.9626,314,2.96267
ENSG00000185651,UBE2L3,187,0.58325,125,-0.5832
ENSG00000100030,MAPK1,214,-0.6380,333,0.63804
ENSG00000128266,GNAZ,9,-3.6709,123,3.67099
ENSG00000186716,BCR,183,0.78602,106,-0.7860
ENSG00000250479,CHCHD10,169,-1.3139,421,1.31390
ENSG00000240972,MIF,751,-0.8307,1335,0.83070
ENSG00000100095,SEZ6L,106,-1.2607,256,1.26073
ENSG00000100285,NEFH,14,-5.8562,834,5.85625
ENSG00000184076,UQCR10,405,-0.2793,491,0.27938
ENSG00000198832,SELENOM,337,0.14920,304,-0.1492
ENSG00000128245,YWHAH,141,-2.3813,739,2.38133
ENSG00000100234,TIMP3,191,0.54558,130,-0.5455
ENSG00000100284,TOM1,60,-1.7050,198,1.70509
ENSG00000128335,APOL2,55,-1.8088,192,1.80883
ENSG00000241360,PDXP,147,-0.7218,243,0.72183
ENSG00000100097,LGALS1,198,-1.4747,551,1.47474
ENSG00000100201,DDX17,736,1.31933,295,-1.3193
ENSG00000100242,SUN2,293,0.61837,191,-0.6183
ENSG00000183741,CBX6,4,-5.3136,167,5.31366
ENSG00000100316,RPL3,2156,1.27675,889,-1.2767
ENSG00000100321,SYNGR1,29,-3.0783,252,3.07836
ENSG00000128272,ATF4,295,1.13480,134,-1.1348
ENSG00000187051,RPS19BP1,66,-0.9295,127,0.92959
ENSG00000100354,TNRC6B,488,2.10685,113,-2.1068
ENSG00000100380,ST13,385,-0.0171,389,0.01715
ENSG00000100387,RBX1,391,0.56167,265,-0.5616
ENSG00000100401,RANGAP1,201,-0.4222,269,0.42222
ENSG00000100412,ACO2,396,0.27646,327,-0.2764
ENSG00000196419,XRCC6,225,-0.0223,228,0.02231
ENSG00000100138,SNU13,253,-0.8455,455,0.84551
ENSG00000198911,SREBF2,113,0.08556,106,-0.0855
ENSG00000100167,SEPTIN3,318,0.50911,223,-0.5091
ENSG00000183172,SMDT1,97,-0.4363,132,0.43639
ENSG00000184983,NDUFA6,243,0.75392,144,-0.7539
ENSG00000100243,CYB5R3,268,-0.1071,289,0.10711
ENSG00000130540,SULT4A1,67,-1.8461,242,1.84615
ENSG00000100364,KIAA0930,135,-0.2725,164,0.27259
ENSG00000130638,ATXN10,171,-0.6731,274,0.67310
ENSG00000219438,TAFA5,69,-1.6355,216,1.63552
ENSG00000100427,MLC1,775,3.35967,75,-3.3596
ENSG00000008735,MAPK8IP2,99,-1.3584,254,1.35844
ENSG00000169100,SLC25A6,268,-0.5055,381,0.50553
ENSG00000002586,CD99,1006,3.83219,70,-3.8321
ENSG00000205542,TMSB4X,1167,-0.8920,2166,0.89205
ENSG00000046653,GPM6B,3444,2.17616,762,-2.1761
ENSG00000182287,AP1S2,236,-0.4864,331,0.48648
ENSG00000184368,MAP7D2,33,-3.2556,318,3.25560
ENSG00000173674,EIF1AX,266,0.37668,205,-0.3766
ENSG00000130066,SAT1,363,1.59386,120,-1.5938
ENSG00000147027,TMEM47,820,1.79457,236,-1.7945
ENSG00000165169,DYNLT3,7,-4.2783,151,4.27831
ENSG00000156298,TSPAN7,609,0.74302,364,-0.7430
ENSG00000165175,MID1IP1,358,1.83822,100,-1.8382
ENSG00000182220,ATP6AP2,234,-0.3584,300,0.35842
ENSG00000124486,USP9X,161,0.13375,147,-0.1337
ENSG00000215301,DDX3X,241,-0.2700,291,0.27006
ENSG00000189221,MAOA,21,-3.9868,335,3.98685
ENSG00000069535,MAOB,413,1.55024,141,-1.5502
ENSG00000147123,NDUFB11,184,-0.3698,238,0.36984
ENSG00000130985,UBA1,222,-0.1523,246,0.15238
ENSG00000102226,USP11,231,-1.3562,592,1.35629
ENSG00000008056,SYN1,45,-3.0420,375,3.04208
ENSG00000102109,PCSK1N,631,-0.8429,1132,0.84292
ENSG00000243279,PRAF2,106,-0.3275,133,0.32753
ENSG00000102003,SYP,4,-5.8916,293,5.89164
ENSG00000179222,MAGED1,450,-0.2305,528,0.23057
ENSG00000184205,TSPYL2,133,-1.1435,295,1.14355
ENSG00000102316,MAGED2,82,-2.1267,360,2.12676
ENSG00000256045,MTRNR2L10,126,-0.0567,132,0.05678
ENSG00000187601,MAGEH1,154,-0.3295,194,0.32956
ENSG00000188021,UBQLN2,153,-0.7450,257,0.74503
ENSG00000147140,NONO,325,1.00094,162,-1.0009
ENSG00000198034,RPS4X,919,0.30065,746,-0.3006
ENSG00000186462,NAP1L2,94,-1.9699,369,1.96994
ENSG00000229807,XIST,339,1.75579,100,-1.7557
ENSG00000131263,RLIM,51,-2.0068,205,2.00683
ENSG00000085224,ATRX,486,0.03890,473,-0.0389
ENSG00000131174,COX7B,380,-0.3993,502,0.39938
ENSG00000102144,PGK1,299,-0.3790,388,0.37903
ENSG00000131171,SH3BGRL,492,1.79519,141,-1.7951
ENSG00000186310,NAP1L3,260,-0.5729,387,0.57291
ENSG00000126950,TMEM35A,102,-1.5911,309,1.59115
ENSG00000241343,RPL36A,622,0.60790,408,-0.6079
ENSG00000126945,HNRNPH2,195,-0.3531,249,0.35310
ENSG00000102401,ARMCX3,66,-0.9575,129,0.95754
ENSG00000184905,TCEAL2,455,0.72289,276,-0.7228
ENSG00000184515,BEX5,109,-2.1329,480,2.13290
ENSG00000133169,BEX1,239,-1.9779,943,1.97795
ENSG00000102409,BEX4,591,0.35210,463,-0.3521
ENSG00000133134,BEX2,363,-0.3675,469,0.36750
ENSG00000185222,TCEAL9,217,0.78205,126,-0.7820
ENSG00000166681,BEX3,632,-0.7207,1042,0.72070
ENSG00000133142,TCEAL4,330,0.22314,283,-0.2231
ENSG00000196507,TCEAL3,430,1.07741,203,-1.0774
ENSG00000123562,MORF4L2,237,-1.2224,554,1.22246
ENSG00000123560,PLP1,7721,2.01237,1913,-2.0123
ENSG00000147224,PRPS1,253,0.15873,227,-0.1587
ENSG00000157514,TSC22D3,145,-0.2057,167,0.20571
ENSG00000101843,PSMD10,91,-0.8875,169,0.88755
ENSG00000068366,ACSL4,23,-2.6982,154,2.69823
ENSG00000077264,PAK3,10,-5.6222,534,5.62220
ENSG00000174460,ZCCHC12,169,-1.2409,400,1.24094
ENSG00000101856,PGRMC1,482,-0.7724,824,0.77247
ENSG00000198918,RPL39,1100,0.38819,840,-0.3881
ENSG00000125356,NDUFA1,656,0.95429,338,-0.9542
ENSG00000125355,TMEM255A,3,-5.6491,185,5.64912
ENSG00000005893,LAMP2,299,0.90252,159,-0.9025
ENSG00000101966,XIAP,104,-1.0211,211,1.02113
ENSG00000102038,SMARCA1,321,1.79215,92,-1.7921
ENSG00000147256,ARHGAP36,3,-6.4143,317,6.41436
ENSG00000165704,HPRT1,63,-1.1880,144,1.18807
ENSG00000134590,RTL8C,215,-1.0159,435,1.01591
ENSG00000196972,SMIM10L2B,53,-1.7753,181,1.77534
ENSG00000198689,SLC9A6,193,-0.6422,301,0.64224
ENSG00000022267,FHL1,776,1.61348,253,-1.6134
ENSG00000102241,HTATSF1,312,1.23463,132,-1.2346
ENSG00000147274,RBMX,306,1.52274,106,-1.5227
ENSG00000129682,FGF13,28,-3.8816,424,3.88169
ENSG00000203930,LINC00632,1616,1.94009,421,-1.9400
ENSG00000010404,IDS,324,-1.8732,1190,1.87324
ENSG00000102181,CD99L2,67,-1.9586,261,1.95865
ENSG00000160131,VMA21,116,-1.3110,289,1.31103
ENSG00000102287,GABRE,3,-5.6971,189,5.69717
ENSG00000147400,CETN2,680,2.30387,137,-2.3038
ENSG00000185825,BCAP31,187,-0.4902,262,0.49026
ENSG00000180879,SSR4,129,-0.2745,156,0.27459
ENSG00000147403,RPL10,896,0.72947,540,-0.7294
ENSG00000071553,ATP6AP1,174,-1.0376,357,1.03765
ENSG00000203879,GDI1,721,0.23455,613,-0.2345
ENSG00000155959,VBP1,32,-2.3980,170,2.39802
ENSG00000198888,MT-ND1,10636,-1.4680,29424,1.46805
ENSG00000198763,MT-ND2,11366,-1.0811,24047,1.08116
ENSG00000198712,MT-CO2,17347,-1.2508,41281,1.25082
ENSG00000228253,MT-ATP8,877,-1.5552,2579,1.55521
ENSG00000198899,MT-ATP6,18451,-1.0607,38490,1.06077
ENSG00000198938,MT-CO3,21705,-1.3124,53907,1.31240
ENSG00000198840,MT-ND3,14712,-0.8013,25638,0.80130
ENSG00000212907,MT-ND4L,2979,-0.3685,3846,0.36855
ENSG00000198886,MT-ND4,23022,-0.6134,35222,0.61342
ENSG00000198786,MT-ND5,6312,-0.3821,8226,0.38214
ENSG00000198695,MT-ND6,127,-1.8401,457,1.84017
ENSG00000198727,MT-CYB,12115,-1.0723,25478,1.07237
